attribute (spelling variants),products using it,% plain numbers,% numbers with text/units,top categories,sample values
"Outside Diameter (33824)","33824","0%","100%","Single Row Deep Groove Ball Bearing (Metric) (7625); Oil Seals Nitrile (Metric) (5372); O-Rings Nitrile (Metric) (3190)","62mm | 37mm | 40mm | 55mm | 47mm | 80mm"
"Inside Diameter (33718)","33718","0%","100%","Single Row Deep Groove Ball Bearing (Metric) (7625); Oil Seals Nitrile (Metric) (5372); O-Rings Nitrile (Metric) (3190)","25mm | 12mm | 30mm | 17mm | 35mm | 70mm"
"Quality (32978)","32978","0%","0%","Single Row Deep Groove Ball Bearing (Metric) (7560); Oil Seals Nitrile (Metric) (5372); O-Rings Nitrile (Metric) (3190)","ZEN - Economy Quality | NTN - High Quality | NSK - High Quality | EU Arrow Max - Economy Quality | Major Brand - High Quality | Koyo - High Quality"
"Material (23656)","23656","0%","15%","Oil Seals Nitrile (Metric) (5372); Oil Seals Nitrile (Imperial) (1895); O-Rings Nitrile (Metric) (1649)","70 Shore hardness. | FKM Rubber (FPM) | Nitrile Buna Rubber 90 Shore Hardness(NBR90). | Nitrile Buna Rubber 70 Shore Hardness(NBR70). | Nitrile Buna Rubber 50 Shore Hardness(NBR50). | Silicone Rubber (VMQ)"
"Colour (19476)","19476","0%","0%","Oil Seals Nitrile (Metric) (5371); O-Rings Nitrile (Metric) (3190); Oil Seals Nitrile (Imperial) (1895)","White | Red | Black | Brown | Blue"
"Width (17815)","17815","0%","100%","Single Row Deep Groove Ball Bearing (Metric) (7625); Oil Seals Nitrile (Metric) (5372); Oil Seals Nitrile (Imperial) (1895)","17mm | 12mm | 16mm | 14mm | 13mm | 21mm"
"Cross Section (16169)","16169","0%","100%","O-Rings Nitrile (Metric) (3190); Fluorosilicone O-Rings (Metric) (1603); White Silicone O-Rings (Metric) (1602)","7mm | 6.99mm | 5.33mm | 3.53mm | 2.62mm | 1.78mm"
"Hardness (16169)","16169","0%","54%","O-Rings Nitrile (Metric) (3190); Fluorosilicone O-Rings (Metric) (1603); White Silicone O-Rings (Metric) (1602)","away from the sealing surface. This eliminates the problems of leakage that often results from a parting line’s irregular surface as found on an O-Ring. In these cases | longer seal life and a lower risk of twisting. Quad Rings have an advantage over standard O-rings as the parting lines are between the lobes | X rings provide a better | garden hoses | it can also be used in a standard O-Ring groove. They have a wide operating temperature range from - 30 deg Celsius up to + 120 deg Celsius and a high degree of chemical resistance. | longer seal life and a lower risk of twisting. They are found everywhere from plumbing installations to the space shuttle"
"Style (2152)","2152","0%","100%","Oil Seals Nitrile (Imperial) (1894); Oil Seals FKM (Imperial) (258)","TC / R23"
"Pitch Diameter (mm) (1950)","1950","100%","0%","Grooved V-Belt Pulleys (676); V-Belt Pulleys (449); HTD Timing Belt Pulleys (423)","250 | 855.62 | 748.66 | 641.71 | 499.11 | 401.07"
"Bore Type (1920)","1920","0%","0%","Grooved V-Belt Pulleys (676); HTD Timing Belt Pulleys (257); Timing Belt Pulley Taper Bore (217)","Taper Lock | Plain Bore | Pilot Bore (Pre-bored) | Pilot Bore | Taper Bore | Pilot Bore (PB)"
"Number of Teeth (1465)","1465","100%","0%","HTD Timing Belt Pulleys (423); Timing Belt Pulley Taper Bore (217); Pilot Bore Triplex Sprockets (188)","21 | 25 | 19 | 17 | 15 | 23"
"Belt Section (1125)","1125","0%","0%","Grooved V-Belt Pulleys (676); V-Belt Pulleys (449)","SPB | SPC | SPA | SPZ"
"Number of Grooves (1125)","1125","100%","0%","Grooved V-Belt Pulleys (676); V-Belt Pulleys (449)","1 | 6 | 5 | 4 | 3 | 2"
"Groove Angle (1125)","1125","0%","100%","Grooved V-Belt Pulleys (676); V-Belt Pulleys (449)","34Â°"
"Belt Width (1125)","1125","0%","100%","Grooved V-Belt Pulleys (676); V-Belt Pulleys (449)","16.3mm | 22mm | 12.7mm | 9.7mm"
"Groove Depth (1125)","1125","0%","100%","Grooved V-Belt Pulleys (676); V-Belt Pulleys (449)","14mm | 19mm | 10mm | 8mm"
"Qaulity (941)","941","0%","0%","PTFE O-Rings (941)","PTFE O-Ring - High Quality"
"Chain Size (898)","898","0%","98%","Pilot Bore Simplex Sprockets (212); Pilot Bore Duplex Sprockets (207); Pilot Bore Triplex Sprockets (188)","12B | 10B | 08B | 32B | 06B | 28B"
"Pitch (882)","882","0%","100%","Pilot Bore Simplex Sprockets (212); Pilot Bore Duplex Sprockets (207); Pilot Bore Triplex Sprockets (188)","3/4"" | 5/8"" | 1/2"" | 2"" | 3/8"" | 1-3/4"""
"Pitch (mm) (825)","825","100%","0%","HTD Timing Belt Pulleys (423); Timing Belt Pulley Taper Bore (217); Timing Belt Pulley Pilot Bore (185)","14 | 8 | 5 | 3 | 9.525 | 12.7"
"Belt Width (mm) (825)","825","100%","0%","HTD Timing Belt Pulleys (423); Timing Belt Pulley Taper Bore (217); Timing Belt Pulley Pilot Bore (185)","170 | 115 | 85 | 55 | 40 | 50"
"Outside Diameter (mm) (825)","825","100%","0%","HTD Timing Belt Pulleys (423); Timing Belt Pulley Taper Bore (217); Timing Belt Pulley Pilot Bore (185)","852.83 | 745.87 | 638.92 | 496.32 | 398.28 | 353.72"
"Strand (640)","640","0%","0%","Pilot Bore Triplex Sprockets (188); Pilot Bore Simplex Sprockets (177); Taper Bore Duplex Sprockets (100)","Duplex | Simplex | Triplex"
"Max Bore (mm) (474)","474","100%","0%","HTD Timing Belt Pulleys (331); ATL PW Friction Disc Torque Limiter C/W Platewheel (122); AROFLEX Taper Bored Hubs (18)","125 | 100 | 90 | 75 | 60 | 50"
"Taper Bush Size (467)","467","100%","0%","V-Belt Pulleys (449); AROFLEX Taper Bored Hubs (18)","1250 | 1000 | 5050 | 4545 | 4040 | 3535"
"Hub Diameter (dm) (456)","456","0%","100%","Pilot Bore Triplex Sprockets (187); Pilot Bore Simplex Sprockets (169); Taper Bore Duplex Sprockets (100)","90 mm | 64 mm | 58 mm | 52 mm | 46 mm | 40 mm"
"Face Width (mm) (423)","423","100%","0%","HTD Timing Belt Pulleys (423)","190 | 133 | 102 | 70 | 54 | 95"
"Min Bore (mm) (363)","363","100%","0%","HTD Timing Belt Pulleys (331); AROFLEX Taper Bored Hubs (18); Membrane / Disc Packs (14)","70 | 40 | 35 | 22 | 16 | 14"
"Outer Diameter (de) (356)","356","0%","100%","Pilot Bore Triplex Sprockets (187); Pilot Bore Simplex Sprockets (169)","119.5 mm | 80.0 mm | 73.5 mm | 68.0 mm | 61.3 mm | 55.3 mm"
"Pitch Diameter (dp) (356)","356","0%","100%","Pilot Bore Triplex Sprockets (187); Pilot Bore Simplex Sprockets (169)","115.34 mm | 76.0 mm | 69.95 mm | 63.91 mm | 57.87 mm | 51.83 mm"
"Stock Bore (D1) (356)","356","0%","100%","Pilot Bore Triplex Sprockets (187); Pilot Bore Simplex Sprockets (169)","16 mm | 12 mm | 20 mm | 14 mm | 10 mm | 8 mm"
"Stock Pilot Bore (mm) (277)","277","100%","0%","Timing Belt Pulley Pilot Bore (185); HTD Timing Belt Pulleys (92)","40 | 32 | 28 | 24 | 20 | 15"
"Teeth (242)","242","100%","0%","Pilot Bore Duplex Sprockets (207); Pilot Bore Simplex Sprockets (35)","57 | 38 | 30 | 25 | 23 | 21"
"Outer Dia (de) (242)","242","100%","0%","Pilot Bore Duplex Sprockets (207); Pilot Bore Simplex Sprockets (35)","176.9 | 119.5 | 94.7 | 80 | 73.5 | 68"
"Pitch Dia (dp) (242)","242","100%","0%","Pilot Bore Duplex Sprockets (207); Pilot Bore Simplex Sprockets (35)","172.91 | 115.34 | 91.12 | 76 | 69.95 | 63.91"
"Type (242)","242","100%","0%","Pilot Bore Duplex Sprockets (207); Pilot Bore Simplex Sprockets (35)","2 | 1"
"Taper Bush Reference (219)","219","100%","0%","Taper Bore Duplex Sprockets (100); Taper Bore Simplex Sprockets (65); Taper Bore Triplex Sprockets (54)","2517 | 4030 | 3525 | 3020 | 4040 | 3535"
"Duplex Hub Dia (dm) (207)","207","100%","0%","Pilot Bore Duplex Sprockets (207)","80 | 90 | 79 | 64 | 58 | 52"
"Duplex Length thro' Bore A (207)","207","100%","0%","Pilot Bore Duplex Sprockets (207)","40 | 30 | 25 | 22 | 45"
"Coupling O.D. (206)","206","100%","0%","Complete Standard Metallic Disc Spacer Couplings (60); Complete Non-Sparking Metallic Disk Spacer Coupling (60); RC Bush Hubs / Flanges (26)","440 | 300 | 297 | 275 | 272 | 250"
"Material Type (185)","185","0%","0%","Timing Belt Pulley Pilot Bore (185)","Carbon Steel / Cast Iron | Aluminum / Carbon Steel | Steel / Cast Iron | Aluminum / Steel | Cast Iron / Steel | Steel / Aluminum"
"Weight (kg) (178)","178","100%","0%","ATL PW Friction Disc Torque Limiter C/W Platewheel (122); Membrane / Disc Packs (14); ATL Torque Limiter Chain Coupling (10)","50 | 9.436 | 9.033 | 3.858 | 3.692 | 2.477"
"Rated Torque Nm (86) | Rated Torque (Nm) (82)","168","100%","0%","RB Hubs / Flanges (36); Metallic Disc Spacer Kits (36); Membrane / Disc Packs (14)","1920 | 940 | 685 | 525 | 450 | 325"
"Taper Lock Bushing (166)","166","100%","0%","HTD Timing Belt Pulleys (166)","5050 | 4040 | 3535 | 3030 | 3020 | 2517"
"D (mm) (158)","158","100%","0%","ATL PW Friction Disc Torque Limiter C/W Platewheel (122); Complete NUPEX NPX Type B Pilot Bore Couplings (12); NPX Taper Bored (12)","250 | 225 | 200 | 180 | 161 | 141"
"Brand (156)","156","0%","0%","Metric Single Row Deep Groove Ball Bearings (154); Metric Cylindrical Roller Bearings (2)","AroMax | Branded (SKF, RHP, FAG) | Aromax | FAG | SKF | Arrow Max"
"DBSE (151)","151","0%","91%","Complete Standard Metallic Disc Spacer Couplings (60); Spacer &amp; Snap Wrap Kits (52); SWQ Complete Spacer Couplings (23)","250mm | 180mm | 140mm | 100mm | 180 mm | 140 mm"
"Bore Size (148)","148","0%","100%","SA Series Inserts (Eccentric Collar) (33); 1/2"" B.S. Pitch Simplex Pre-Bored + Keyed Sprockets (32); UC Series Inserts (28)","30mm | 1-1/2"" | 90mm | 85mm | 80mm | 20mm"
"Max Angular Misalignment (133)","133","0%","100%","Tyre Couplings Hubs / Flanges (37); Metallic Disc Spacer Kits (36); Tyres (24)","4 deg | 3 deg | 2 deg | Up to 4° | 4° | Up to 3°"
"Max Speed (RPM) (132)","132","100%","0%","Metallic Disc Spacer Kits (36); Tyres (24); Complete Tyre Couplings (22)","2300 | 1000 | 1100 | 1300 | 1500 | 1600"
"Torque Range (Nm) (132)","132","0%","0%","ATL PW Friction Disc Torque Limiter C/W Platewheel (122); ATL Torque Limiter Chain Coupling (10)","223.7 - 1088.9 | 115.8 - 569.8 | 88.3 - 420.8 | 47.1 - 209.9 | 34.3 - 149.1 | 19.6 - 74.6"
"Max Bore (112) | Max. Bore (17)","129","25%","75%","Spacer &amp; Snap Wrap Kits (52); SWQ Complete Spacer Couplings (23); RRS Complete Spacer Couplings (21)","55 | 51 | 48 | 38 | 32 | 20"
"ATL Size (122)","122","0%","0%","ATL PW Friction Disc Torque Limiter C/W Platewheel (122)","64-2 | 64-1 | 42-2 | 42-1 | 25-2 | 25-1"
"Plain Bore (mm) (122)","122","100%","0%","ATL PW Friction Disc Torque Limiter C/W Platewheel (122)","30 | 20 | 17 | 10 | 8"
"O.D. of Bush (mm) (122)","122","100%","0%","ATL PW Friction Disc Torque Limiter C/W Platewheel (122)","105 | 74 | 49 | 41 | 30"
"L (mm) (122)","122","100%","0%","ATL PW Friction Disc Torque Limiter C/W Platewheel (122)","98 | 76 | 62 | 48 | 29"
"Platewheel (122)","122","0%","100%","ATL PW Friction Disc Torque Limiter C/W Platewheel (122)","20B1-21 | 16B1-57 | 16B1-38 | 16B1-28 | 12B1-76 | 12B1-57"
"Bush Length (mm) (122)","122","100%","0%","ATL PW Friction Disc Torque Limiter C/W Platewheel (122)","22 | 8 | 14.5 | 6 | 3.8"
"Pitch Circle Diameter (dp) (117)","117","0%","100%","Taper Bore Simplex Sprockets (63); Taper Bore Triplex Sprockets (54)","127.82 mm | 121.78 mm | 614.65 mm | 461.07 mm | 364.13 mm | 307.59 mm"
"Outside Diameter (do) (117)","117","0%","100%","Taper Bore Simplex Sprockets (63); Taper Bore Triplex Sprockets (54)","136.0 mm | 129.7 mm | 627.0 mm | 474.0 mm | 377.1 mm | 320.7 mm"
"Max Bore(Hub1) (102)","102","100%","0%","Complete Non-Sparking Metallic Disk Spacer Coupling (60); Complete Non-Spark Non Spacer Metallic Couplings (21); Complete Non Spacer Metallic Couplings (21)","200 | 135 | 132 | 120 | 118 | 115"
"Max Bore(Hub2) (102)","102","100%","0%","Complete Non-Sparking Metallic Disk Spacer Coupling (60); Complete Non-Spark Non Spacer Metallic Couplings (21); Complete Non Spacer Metallic Couplings (21)","250 | 165 | 155 | 140 | 130 | 100"
"kW rating per RPM SF1 (102)","102","100%","0%","Complete Non-Sparking Metallic Disk Spacer Coupling (60); Complete Non-Spark Non Spacer Metallic Couplings (21); Complete Non Spacer Metallic Couplings (21)","2.186666667 | 1.266666667 | 1.12 | 1.046666667 | 0.8333333333 | 0.6833333333"
"kW rating @1450 RPM SF2 (102)","102","100%","0%","Complete Non-Sparking Metallic Disk Spacer Coupling (60); Complete Non-Spark Non Spacer Metallic Couplings (21); Complete Non Spacer Metallic Couplings (21)","3170.666667 | 1836.666667 | 1624 | 1517.666667 | 1208.333333 | 990.8333333"
"kW rating @3000 RPM SF3 (102)","102","100%","0%","Complete Non-Sparking Metallic Disk Spacer Coupling (60); Complete Non-Spark Non Spacer Metallic Couplings (21); Complete Non Spacer Metallic Couplings (21)","6560 | 3800 | 3360 | 3140 | 2500 | 2050"
"Bore (mm) (100)","100","7%","93%","SA Series Inserts (Eccentric Collar) (33); UC Series Inserts (28); Arrow Max Inserts (SB Series) (15)","30mm | 38.1mm | 90mm | 85mm | 80mm | 20mm"
"Rated Torque (97)","97","22%","78%","Spacer &amp; Snap Wrap Kits (52); SWQ Complete Spacer Couplings (23); RRS Complete Spacer Couplings (21)","4308 Nm | 3047 Nm | 2132 Nm | 1279 Nm | 782 Nm | 532 Nm"
"Series (93)","93","0%","0%","SA Series Inserts (Eccentric Collar) (33); UC Series Inserts (28); Arrow Max Inserts (SB Series) (15)","CSB Series | SB Series (Arrow Max) | UC Series | RB Series | SA Series | UCX Series"
"Locking Type (93)","93","0%","0%","SA Series Inserts (Eccentric Collar) (33); UC Series Inserts (28); Arrow Max Inserts (SB Series) (15)","Set Screw | Eccentric Collar"
"Inner Ring (93)","93","0%","0%","SA Series Inserts (Eccentric Collar) (33); UC Series Inserts (28); Arrow Max Inserts (SB Series) (15)","Flat Back / Flat Outer | Narrow Inner Ring | Wide Inner Ring | Extended Capacity"
"Housing Compatibility (93)","93","0%","100%","SA Series Inserts (Eccentric Collar) (33); UC Series Inserts (28); Arrow Max Inserts (SB Series) (15)","CSB206 family | SB208 family | UC218 family | UC217 family | UC216 family | CSB204 family"
"Application (93)","93","0%","0%","SA Series Inserts (Eccentric Collar) (33); UC Series Inserts (28); Arrow Max Inserts (SB Series) (15)","Food / Washdown / Marine / Corrosive Environments"
"Bearing Type (93)","93","0%","0%","SA Series Inserts (Eccentric Collar) (33); UC Series Inserts (28); Arrow Max Inserts (SB Series) (15)","Flat-Back Insert | Spherical Self-Aligning Insert"
"Max Re-Bore Diameter (mm) (92)","92","100%","0%","HTD Timing Belt Pulleys (92)","180 | 150 | 95 | 75 | 120 | 110"
"Coupling Size (91)","91","77%","23%","Spacer &amp; Snap Wrap Kits (52); SWQ Complete Spacer Couplings (23); RRS Complete Spacer Couplings (21)","RRS 226 | RRS 225 | RRS 190 | RRS 150 | RRS 110 | RRS 100"
"Total Assembled Length (91)","91","0%","93%","Spacer &amp; Snap Wrap Kits (39); SWQ Complete Spacer Couplings (23); RRS Complete Spacer Couplings (21)","320 mm | 308 mm | 288 mm | 270 mm | 266 mm | 250 mm"
"Max Bore d2 (mm) (36) | Max. Bore ød2 (mm) (46)","82","100%","0%","RB Hubs / Flanges (36); Complete NUPEX NPX Type B Pilot Bore Couplings (12); NPX Pilot Bored Hubs Part 4 (Type B) (12)","100 | 90 | 85 | 75 | 65 | 60"
"Max Axial Misalignment (mm) (82)","82","56%","0%","Metallic Disc Spacer Kits (36); Tyres (24); Complete Tyre Couplings (22)","8.2 | 7.3 | 6.6 | 6 | 5.3 | 4.6"
"Outer Diameter D (mm) (82)","82","100%","0%","Metallic Disc Spacer Kits (36); AROFLEX Taper Bored Hubs (18); Membrane / Disc Packs (14)","300 | 275 | 250 | 225 | 197 | 176"
"A (mm) (30) | ø A (mm) (46)","76","100%","0%","RB Hubs / Flanges (36); Complete NUPEX NPX Type B Pilot Bore Couplings (12); NPX Pilot Bored Hubs Part 1 (Type B) (12)","18 | 13 | 10 | 8 | 900 | 800"
"Coupling Type (73)","73","0%","0%","Spacer &amp; Snap Wrap Kits (52); RRS Complete Spacer Couplings (21); SWQ Complete Spacer Couplings (5)","Spacer Coupling | Spacer Kit | Snap Wrap Kit"
"Nominal Torque (Nm) (58) | Nominal Torque Nm (7)","65","100%","0%","Tyres (24); Complete Tyre Couplings (22); L Jaw Spider Coupling Hubs (12)","280 | 200 | 150 | 105 | 55.4 | 25.8"
"C (mm) (64)","64","28%","0%","RB Hubs / Flanges (36); NPX Pilot Bored Hubs Part 4 (Type B) (12); Complete Pin &amp; Bush (RB) Couplings (10)","5-9 | 4-8 | 4-12 | 4-10 | 2-6 | 18"
"Max. Bore Hub Type 1 (60)","60","100%","0%","Complete Standard Metallic Disc Spacer Couplings (60)","200 | 135 | 132 | 120 | 118 | 115"
"Max. Bore Hub Type 2 (60)","60","100%","0%","Complete Standard Metallic Disc Spacer Couplings (60)","250 | 165 | 155 | 140 | 130 | 100"
"kW rating per RPM (60)","60","100%","0%","Complete Standard Metallic Disc Spacer Couplings (60)","2.186666667 | 1.266666667 | 1.12 | 1.046666667 | 0.8333333333 | 0.6833333333"
"kW rating @ 1450 RPM (60)","60","100%","0%","Complete Standard Metallic Disc Spacer Couplings (60)","3170.666667 | 1836.666667 | 1624 | 1517.666667 | 1208.333333 | 990.8333333"
"kW rating @ 3000 RPM (60)","60","100%","0%","Complete Standard Metallic Disc Spacer Couplings (60)","6560 | 3800 | 3360 | 3140 | 2500 | 2050"
"Maximum Speed rpm (46) | Maximum Speed RPM (14)","60","100%","0%","RB Hubs / Flanges (36); Membrane / Disc Packs (14); Complete Pin &amp; Bush (RB) Couplings (10)","750 | 850 | 950 | 1050 | 1200 | 1350"
"Hub Length (58)","58","28%","72%","RRS Complete Spacer Couplings (21); Spacer &amp; Snap Wrap Kits (21); GR Jaw Coupling Hubs (Standard) (9)","85 | 75 | 65 | 56 | 50 | 45"
"ø D1 (mm) (46) | D1 (mm) (12)","58","100%","0%","RB Hubs / Flanges (36); NPX Pilot Bored Hubs Part 4 (Type B) (12); Complete Pin &amp; Bush (RB) Couplings (10)","465 | 420 | 385 | 355 | 320 | 290"
"E (mm) (58)","58","79%","0%","RB Hubs / Flanges (36); NPX Pilot Bored Hubs Part 4 (Type B) (12); Complete Pin &amp; Bush (RB) Couplings (10)","320 | 290 | 260 | 240 | 220 | 200"
"Outer Flange Diameter (Ã˜A) (18) | Outer Flange Diameter (A) (37)","55","0%","100%","Tyre Couplings Hubs / Flanges (37); SWQ Complete Spacer Couplings (18)","251.0 mm | 196.5 mm | 161.5 mm | 318.0 mm | 267.0 mm | 265.0 mm"
"Power at 100 RPM (kW) (54)","54","100%","0%","Metallic Disc Spacer Kits (36); AROFLEX Jaw Inserts (18)","37.7 | 20.1 | 9.84 | 6.55 | 7.17 | 4.29"
"Power at 1500 RPM (kW) (54)","54","100%","0%","Metallic Disc Spacer Kits (36); AROFLEX Jaw Inserts (18)","566 | 302 | 148 | 98.2 | 108 | 64.4"
"Weight (53)","53","0%","100%","Tyre Couplings Hubs / Flanges (37); Chain Couplings (16)","77kg | 49kg | 36kg | 23.3kg | 18.2kg | 14.7kg"
"DBSE (mm) (51)","51","100%","0%","Metallic Disc Spacer Kits (36); ATL Torque Limiter Chain Coupling (10); ATL Friction Disc Torque Limiter (5)","3 | 3.7 | 3.0 | 250 | 180 | 140"
"Bolt Specification (50)","50","0%","100%","Metallic Disc Spacer Kits (36); Metallic Disc Coupling Hubs (14)","M24 Grade 12.9 | M22 Grade 12.9 | M20 Grade 12.9 | M18 Grade 12.9 | M16 Grade 12.9 | M14 Grade 12.9"
"Tightening Torque (Nm) (50)","50","100%","0%","Metallic Disc Spacer Kits (36); Metallic Disc Coupling Hubs (14)","888 | 696 | 520 | 360 | 264 | 172"
"Power at 100 rev/min kW (48)","48","100%","0%","Complete NUPEX NPX Type B Pilot Bore Couplings (12); NPX Taper Bored (12); NPX Pilot Bored Hubs Part 4 (Type B) (12)","29.32 | 20.94 | 14.03 | 9.22 | 5.86 | 3.77"
"Max Torque Nm (48)","48","100%","0%","Complete NUPEX NPX Type B Pilot Bore Couplings (12); NPX Taper Bored (12); NPX Pilot Bored Hubs Part 4 (Type B) (12)","8400 | 6000 | 4020 | 2640 | 1680 | 1080"
"Max Speed rev/min (48)","48","100%","0%","Complete NUPEX NPX Type B Pilot Bore Couplings (12); NPX Taper Bored (12); NPX Pilot Bored Hubs Part 4 (Type B) (12)","2750 | 3000 | 3400 | 3800 | 4250 | 4900"
"Tyre Type (46)","46","0%","0%","Tyres (24); Complete Tyre Couplings (22)","Standard Natural Rubber | FRAS Chloroprene Rubber"
"Operating Temperature (46)","46","0%","100%","Tyres (24); Complete Tyre Couplings (22)","âˆ’50Â°C to +50Â°C | âˆ’15Â°C to +70Â°C"
"kW Rating at 100rpm (46)","46","100%","0%","RB Hubs / Flanges (36); Complete Pin &amp; Bush (RB) Couplings (10)","1623.13 | 1047.2 | 785.4 | 439.8 | 324.67 | 270.2"
"Minimum Bore (mm) (46)","46","100%","0%","RB Hubs / Flanges (36); Complete Pin &amp; Bush (RB) Couplings (10)","100 | 95 | 85 | 75 | 65 | 55"
"Max. Bore ød1 (mm) (46)","46","100%","0%","RB Hubs / Flanges (36); Complete Pin &amp; Bush (RB) Couplings (10)","305 | 280 | 260 | 250 | 225 | 200"
"ø D2 (mm) (46)","46","100%","0%","RB Hubs / Flanges (36); Complete Pin &amp; Bush (RB) Couplings (10)","465 | 420 | 385 | 355 | 320 | 290"
"Moment of Inertia kg.m² (46)","46","100%","0%","RB Hubs / Flanges (36); Complete Pin &amp; Bush (RB) Couplings (10)","86 | 53 | 33 | 17.4 | 10.7 | 4.7"
"Max. Misalignment Angular (46)","46","100%","0%","RB Hubs / Flanges (36); Complete Pin &amp; Bush (RB) Couplings (10)","0.5 | 1"
"Max. Misalignment parallel (46)","46","100%","0%","RB Hubs / Flanges (36); Complete Pin &amp; Bush (RB) Couplings (10)","1.8 | 1.5 | 1.1 | 0.9 | 0.7 | 0.6"
"Max. Misalignment Axial (46)","46","100%","0%","RB Hubs / Flanges (36); Complete Pin &amp; Bush (RB) Couplings (10)","2 | 4 | 3"
"No. of holes (46)","46","100%","0%","RB Hubs / Flanges (36); Complete Pin &amp; Bush (RB) Couplings (10)","16 | 14 | 12 | 10 | 11 | 6"
"Shore Hardness (44)","44","41%","0%","PC Combi Mounts (26); AROFLEX Jaw Inserts (18)","45/55/65/75 | 98 | 92"
"Competitor Ref: (44)","44","0%","0%","RC Bush Hubs / Flanges (26); RCT Bush Hubs / Flanges (18)","612-11 | 612-10 | 612-09 | 612-08 | 612-07 | 612-05"
"kW Rating Per RPM SF 1 (44)","44","100%","0%","RC Bush Hubs / Flanges (26); RCT Bush Hubs / Flanges (18)","1.67 | 1.28 | 0.94 | 0.56 | 0.37 | 0.11"
"Maximum Speed (43)","43","0%","100%","Tyre Couplings Hubs / Flanges (37); SW Snap Wrap Couplings Flanges (6)","1900 RPM | 2200 RPM | 2500 RPM | 3000 RPM | 3500 RPM | 2600 RPM"
"Max Parallel (Radial) Misalignment (43)","43","0%","100%","Tyre Couplings Hubs / Flanges (37); SW Snap Wrap Couplings Flanges (6)","0.4 mm | 2.6 mm | 2.4 mm | 2.1 mm | 1.9 mm | 1.6 mm"
"L2 (mm) (42)","42","100%","0%","Complete NUPEX NPX Type B Pilot Bore Couplings (12); NPX Pilot Bored Hubs Part 4 (Type B) (12); NPX Pilot Bored Hubs Part 1 (Type B) (12)","100 | 90 | 80 | 70 | 60 | 55"
"Maximum Bore Capacity (37)","37","0%","100%","Tyre Couplings Hubs / Flanges (37)","75 mm | 60 mm | 65 mm | 42 mm | 50 mm | 45 mm"
"Shoulder/Hub Boss Diameter (B) (37)","37","0%","100%","Tyre Couplings Hubs / Flanges (37)","113 mm | 108 mm | 98 mm | 167 mm | 80 mm | 103 mm"
"Moment of Inertia (37)","37","0%","100%","Tyre Couplings Hubs / Flanges (37)","0.055 kgm² | 0.031 kgm² | 0.017 kgm² | 0.018 kgm² | 0.009 kgm² | 0.0052 kgm²"
"Nominal Torque (37)","37","0%","100%","Tyre Couplings Hubs / Flanges (37)","675 Nm | 500 Nm | 375 Nm | 250 Nm | 127 Nm | 66 Nm"
"Max Axial Misalignment (End Float) (37)","37","0%","100%","Tyre Couplings Hubs / Flanges (37)","3.3 mm | 3.0 mm | 2.6 mm | 2.3 mm | 2.0 mm | 1.7 mm"
"Flange Face Spacing (37)","37","0%","100%","Tyre Couplings Hubs / Flanges (37)","27 mm | 25 mm | 29 mm | 33 mm | 22 mm | 48 mm"
"Tyre Gap (37)","37","0%","100%","Tyre Couplings Hubs / Flanges (37)","3 mm | 2 mm | 6 mm | 5 mm"
"Hardware Tightening (37)","37","0%","100%","Tyre Couplings Hubs / Flanges (37)","40 Nm | 24 Nm | 15 Nm | 165 Nm | 120 Nm | 80 Nm"
"Simplex Hub Dia (dm) (35)","35","100%","0%","Pilot Bore Simplex Sprockets (35)","22 | 37 | 50 | 34 | 31 | 28"
"Simplex Length thro' Bore A (35)","35","100%","0%","Pilot Bore Simplex Sprockets (35)","25 | 28 | 22 | 30"
"Bush Size (32)","32","100%","0%","HRC / RFC Complete Couplings (8); AROFLEX B Type Pilot Bore Hubs (8); AROFLEX H Type Taper Bore Hubs (8)","3535 | 3020 | 2517 | 2012 | 1610 | 1108"
"Torque Rating Normal (Nm) (32)","32","100%","0%","HRC / RFC Complete Couplings (8); AROFLEX B Type Pilot Bore Hubs (8); AROFLEX H Type Taper Bore Hubs (8)","3150 | 2000 | 950 | 600 | 315 | 160"
"Torque Rating Maximum (Nm) (32)","32","100%","0%","HRC / RFC Complete Couplings (8); AROFLEX B Type Pilot Bore Hubs (8); AROFLEX H Type Taper Bore Hubs (8)","7200 | 5000 | 2350 | 1500 | 720 | 360"
"Hub Material (32)","32","0%","100%","AROFLEX Taper Bored Hubs (18); Metallic Disc Coupling Hubs (14)","Carbon Steel BS 970 | EN-19 Alloy Steel BS 970 | Mild Steel BS 970 | Cast Iron EN-GJL-250"
"Outer Flange Dia (Ã˜A) (31)","31","0%","100%","Spacer &amp; Snap Wrap Kits (31); SWQ Complete Spacer Couplings (5)","318.0 mm | 265.0 mm | 251.0 mm | 196.5 mm | 161.5 mm | 305-318 mm"
"L1 (mm) (30)","30","100%","0%","Complete NUPEX NPX Type B Pilot Bore Couplings (12); NPX Pilot Bored Hubs Part 1 (Type B) (12); NPX Taper Bored (6)","100 | 90 | 80 | 70 | 60 | 55"
"Weight Part 1 (kg) (30)","30","100%","0%","Complete NUPEX NPX Type B Pilot Bore Couplings (12); NPX Pilot Bored Hubs Part 1 (Type B) (12); NPX Taper Bored (6)","19.5 | 15 | 11.02 | 7.8 | 5.05 | 3.65"
"Static Deflection (mm) (29)","29","62%","0%","PC Combi Mounts (26); Cab Mounts (3)","3 | 2 | 5 | 2-3 | 3-4 | 4-5"
"Thread Size (26)","26","0%","100%","PC Combi Mounts (26)","M12 | M10 | M14 | M16 | M20"
"Diameter A (mm) (26)","26","100%","0%","PC Combi Mounts (26)","92 | 77 | 60 | 160 | 138 | 100"
"Dimension B (mm) (26)","26","85%","0%","PC Combi Mounts (26)","92 | 77 | 60 | 108 | 106 | ~120"
"Dimension P/C (mm) (26)","26","100%","0%","PC Combi Mounts (26)","45 | 60 | 70 | 15 | 20 | 26"
"Dimension D/E (mm) (26)","26","85%","0%","PC Combi Mounts (26)","45 | 30 | 31 | 35 | 50 | 38"
"Bolt Holes Centers (mm) (26)","26","100%","0%","PC Combi Mounts (26)","92 | 77 | 60 | 108 | 106 | 100"
"Overall Length (mm) (26)","26","85%","0%","PC Combi Mounts (26)","128 | 106 | 190 | 172 | ~120 | ~140"
"Load Capacity (kg) (26)","26","38%","62%","PC Combi Mounts (26)","45kg load class | 60kg load class | 70kg load class | 50 | 70 | 100"
"Material Options (26)","26","0%","0%","PC Combi Mounts (26)","NR/NBR"
"Features (26)","26","0%","15%","PC Combi Mounts (26)","Medium-large size | Medium size | Compact | Medium load | Small size | Lightweight"
"Overall Length (25)","25","100%","0%","L Jaw Complete Spider Couplings (17); Encoder Beam Couplings (Cap Head Screw Fixing) (8); Flexible Couplings (2)","32 | 28 | 178 | 153 | 133 | 115"
"Max Bore Pilot B (mm) (24)","24","100%","0%","Tyres (24)","190 | 160 | 150 | 115 | 100 | 90"
"Outer Flange Diameter A (mm) (24)","24","100%","0%","Tyres (24)","628 | 562 | 508 | 470 | 402 | 359"
"Max Parallel Misalignment (mm) (24)","24","100%","0%","Tyres (24)","6.6 | 5.8 | 5.3 | 4.8 | 4.2 | 3.7"
"Tyre Gap (mm) (24)","24","100%","0%","Tyres (24)","6 | 5 | 3 | 2"
"Hub Length C (mm) (24)","24","100%","0%","AROFLEX B Type Pilot Bore Hubs (8); AROFLEX H Type Taper Bore Hubs (8); AROFLEX F Type Taper Bore Hubs (8)","88.5 | 77 | 58 | 50 | 46 | 37"
"Hub Bore Depth D (mm) (24)","24","100%","0%","AROFLEX B Type Pilot Bore Hubs (8); AROFLEX H Type Taper Bore Hubs (8); AROFLEX F Type Taper Bore Hubs (8)","105 | 90 | 70 | 60 | 55 | 45"
"Overall Diameter OA (mm) (24)","24","100%","0%","AROFLEX B Type Pilot Bore Hubs (8); AROFLEX H Type Taper Bore Hubs (8); AROFLEX F Type Taper Bore Hubs (8)","275 | 225 | 180 | 150 | 130 | 112"
"Installation Gap (mm) (22)","22","100%","0%","Complete Tyre Couplings (22)","3 | 2 | 5"
"AROFLEX Series (22)","22","0%","100%","Complete Tyre Couplings (22)","T-10 | T-9 | T-8 | T-7 | T-6 | T-5"
"Max. Bore Driven Side (BH) MM (22)","22","100%","0%","RC Bush Hubs / Flanges (13); RCT Bush Hubs / Flanges (9)","150 | 135 | 120 | 105 | 85 | 70"
"Max. Bore Driven Side (PH) MM (22)","22","100%","0%","RC Bush Hubs / Flanges (13); RCT Bush Hubs / Flanges (9)","170 | 150 | 130 | 120 | 90 | 75"
"Hub Diameter H (mm) (21)","21","100%","0%","Membrane / Disc Packs (14); Metallic Disc Coupling Hubs (7)","132 | 94 | 77 | 57 | 45 | 35"
"Maximum Speed rev/min (19)","19","100%","0%","L Jaw Spider Coupling Hubs (12); SW Complete Snap Wrap Jaw Couplings (7)","3600 | 4000 | 5000 | 7000 | 9000 | 11000"
"Set Screw Size (19)","19","0%","100%","L Jaw Spider Coupling Hubs (12); SW Complete Snap Wrap Jaw Couplings (7)","M12 | M10 | M8 | M6 | M3"
"Complete Weight (kg) (12) | Complete Weight kg (7)","19","100%","0%","L Jaw Spider Coupling Hubs (12); SW Complete Snap Wrap Jaw Couplings (7)","13 | 11 | 9 | 7 | 4.9 | 3"
"Power at 500 RPM (kW) (18)","18","100%","0%","AROFLEX Jaw Inserts (18)","189 | 101 | 49.2 | 32.7 | 35.9 | 21.5"
"Power at 1000 RPM (kW) (18)","18","100%","0%","AROFLEX Jaw Inserts (18)","377 | 201 | 98.4 | 65.5 | 71.7 | 42.9"
"Power at 1440 RPM (kW) (18)","18","100%","0%","AROFLEX Jaw Inserts (18)","543 | 290 | 142 | 94.2 | 103 | 61.8"
"Power at 2000 RPM (kW) (18)","18","100%","0%","AROFLEX Jaw Inserts (18)","754 | 402 | 197 | 131 | 143 | 85.9"
"Power at 3000 RPM (kW) (18)","18","100%","0%","AROFLEX Jaw Inserts (18)","1131 | 603 | 295 | 196 | 215 | 129"
"Power at 4000 RPM (kW) (18)","18","94%","0%","AROFLEX Jaw Inserts (18)","- | 804 | 394 | 262 | 287 | 172"
"Power at 5000 RPM (kW) (18)","18","94%","0%","AROFLEX Jaw Inserts (18)","- | 905 | 492 | 327 | 359 | 215"
"Min Bore (18)","18","0%","100%","SWQ Complete Spacer Couplings (18)","50 mm | 40 mm | 30 mm | 25 mm"
"Hub Boss Diameter (Ã˜D) (18)","18","0%","100%","SWQ Complete Spacer Couplings (18)","160 mm | 135 mm | 205 mm | 180 mm"
"Hub Length (E) (18)","18","0%","100%","Spacer &amp; Snap Wrap Kits (18); SWQ Complete Spacer Couplings (5)","90 mm | 65 mm | 60 mm"
"Taper Bush Ref: (18)","18","100%","0%","RCT Bush Hubs / Flanges (18)","5050 | 4545 | 4040 | 3535 | 3030 | 2525"
"Hub Orientation (18)","18","0%","0%","AROFLEX Taper Bored Hubs (18)","Type H - External Mounting | Type F - Internal Mounting"
"Rated Torque Yellow 92 Shore (Nm) (18)","18","100%","0%","AROFLEX Taper Bored Hubs (18)","2400 | 1280 | 625 | 410 | 310 | 265"
"Rated Torque Red 98 Shore (Nm) (18)","18","100%","0%","AROFLEX Taper Bored Hubs (18)","3600 | 1920 | 940 | 685 | 525 | 450"
"Spider Material (18)","18","0%","0%","AROFLEX Taper Bored Hubs (18)","Polyurethane PU"
"Weight Part 4 (kg) (18)","18","100%","0%","NPX Pilot Bored Hubs Part 4 (Type B) (12); NPX Taper Bored (6)","8.5 | 5.95 | 3.6 | 2.25 | 1.55 | 0.94"
"kW at 100 RPM (17)","17","100%","0%","L Jaw Complete Spider Couplings (17)","3.43 | 2.76 | 2.01 | 1.49 | 0.93 | 0.49"
"Outside Dia. L (17)","17","100%","0%","L Jaw Complete Spider Couplings (17)","137 | 127 | 115 | 96 | 85 | 65"
"Length Thru' Bore (17)","17","100%","0%","L Jaw Complete Spider Couplings (17)","70 | 64 | 54 | 45 | 43 | 35"
"O.D. (16)","16","100%","0%","GR Jaw Coupling Hubs (Standard) (9); GS Jaw Coupling Hubs (Clamping) (7)","160 | 135 | 120 | 105 | 95 | 80"
"Min Bore Capacity (16)","16","100%","0%","Chain Couplings (16)","40 | 35 | 30 | 25 | 20 | 16"
"Max Bore Capacity (16)","16","100%","0%","Chain Couplings (16)","150 | 120 | 110 | 95 | 85 | 75"
"Casing OD A (16)","16","100%","0%","Chain Couplings (16)","355 | 305 | 280 | 226 | 211 | 190"
"Casing Width B (16)","16","100%","0%","Chain Couplings (16)","180 | 155 | 138 | 128 | 116 | 108"
"Assembled Width C (16)","16","100%","0%","Chain Couplings (16)","218 | 198 | 176 | 155 | 144 | 140"
"Hub Length D (16)","16","100%","0%","Chain Couplings (16)","99 | 89 | 79 | 67 | 54 | 45"
"Hub Diameter E (16)","16","100%","0%","Chain Couplings (16)","210 | 170 | 160 | 140 | 120 | 110"
"Bolt Centres F (16)","16","100%","0%","Chain Couplings (16)","335 | 280 | 250 | 196 | 184 | 160"
"Torque Ratings Nm (16)","16","100%","0%","Chain Couplings (16)","17800 | 13250 | 8700 | 5500 | 4700 | 3800"
"Pin Part No. (16)","16","0%","100%","RC/RCT Pin &amp; Bush Sets (16)","GC 6 1/4""/3 | GC 4 1/4""/3 | GC 2 3/4""/3 | GC 1 3/4""/3 | GC 1""/3 | GC 3/4""/3"
"Nut Size (16)","16","0%","100%","RC/RCT Pin &amp; Bush Sets (16)","M36 | M24 | M20 | M12 | M10 | M8"
"No/per Coupling (Pins) (16)","16","100%","0%","RC/RCT Pin &amp; Bush Sets (16)","14 | 12 | 10 | 8 | 6 | 4"
"Cone Rings Part No. (16)","16","0%","100%","RC/RCT Pin &amp; Bush Sets (16)","GC 6 1/4""/4 | GC 4 1/4""/4 | GC 2 3/4""/4 | GC 1 3/4""/4 | GC 1""/4 | GC 3/4""/4"
"No/per Coupling (Cone Rings) (16)","16","100%","0%","RC/RCT Pin &amp; Bush Sets (16)","56 | 48 | 40 | 32 | 30 | 24"
"F/H Hub Bore Max (mm) (16)","16","100%","0%","AROFLEX H Type Taper Bore Hubs (8); AROFLEX F Type Taper Bore Hubs (8)","90 | 75 | 60 | 50 | 42 | 25"
"F/H Hub Bore Min (mm) (16)","16","100%","0%","AROFLEX H Type Taper Bore Hubs (8); AROFLEX F Type Taper Bore Hubs (8)","35 | 24 | 16 | 14 | 10"
"Max Bore Type 2 Adapter (mm) (14)","14","100%","0%","Membrane / Disc Packs (14)","115 | 80 | 70 | 50 | 38 | 25"
"Torsional Stiffness (MNm/Radian) (14)","14","100%","0%","Membrane / Disc Packs (14)","2.775 | 0.81908 | 0.49203 | 0.2541 | 0.06148 | 0.043"
"Pilot Bore (mm) (14)","14","100%","0%","Metallic Disc Coupling Hubs (14)","32 | 22 | 17 | 12 | 10 | 8"
"Maximum Bore (mm) (14)","14","100%","0%","Metallic Disc Coupling Hubs (14)","115 | 90 | 80 | 65 | 70 | 52"
"Length Through Bore C (mm) (14)","14","100%","0%","Metallic Disc Coupling Hubs (14)","90 | 60 | 55 | 45 | 40 | 30"
"Bore Tolerance (14)","14","0%","100%","Metallic Disc Coupling Hubs (14)","ISO H7"
"Keyway Tolerance (14)","14","0%","100%","Metallic Disc Coupling Hubs (14)","ISO JS9"
"Standard Max Bore (13)","13","0%","100%","Complete AROFLEX GR Couplings (7); Complete AROFLEX GS Zero Backlash Couplings (6)","55mm | 45mm | 38mm | 28mm | 24mm | 65mm"
"Insert Material (13)","13","0%","100%","Complete AROFLEX GR Couplings (7); Complete AROFLEX GS Zero Backlash Couplings (6)","Red Polyurethane (98 Shore A)"
"Rated Torque (Nominal) (13)","13","0%","100%","Complete AROFLEX GR Couplings (7); Complete AROFLEX GS Zero Backlash Couplings (6)","450Nm | 325Nm | 190Nm | 75Nm | 35Nm | 940Nm"
"Max Speed (13)","13","0%","100%","Complete AROFLEX GR Couplings (7); Complete AROFLEX GS Zero Backlash Couplings (6)","4000 RPM (Standard Hub Limit) | 4750 RPM (Standard Hub Limit) | 5850 RPM (Standard Hub Limit) | 6950 RPM (Standard Hub Limit) | 9550 RPM (Standard) | 4950 RPM (Steel Hub) / 2600 RPM (Cast Iron)"
"Alignment Tolerance (13)","13","0%","100%","Complete AROFLEX GR Couplings (7); Complete AROFLEX GS Zero Backlash Couplings (6)","Radial: 0.30mm / Angular: 0.9° / Axial: ±2.0mm | Radial: 0.28mm / Angular: 1.0° / Axial: ±1.8mm | Radial: 0.25mm / Angular: 0.9° / Axial: ±1.5mm | Radial: 0.22mm / Angular: 0.9° / Axial: ±1.4mm | Radial: 0.20mm / Angular: 1.0° / Axial: ±1.2mm | Radial: 0.42mm / Angular: 1.2° / Axial: -1.0 to +2.6mm"
"Pilot Bore A (12)","12","100%","0%","L Jaw Spider Coupling Hubs (12)","19 | 15 | 12 | 9 | 6 | 4.8"
"Maximum Bore A (12)","12","100%","0%","L Jaw Spider Coupling Hubs (12)","65 | 60 | 55 | 48 | 42 | 35"
"Overall Diameter B (12)","12","100%","0%","L Jaw Spider Coupling Hubs (12)","135 | 127 | 115 | 96 | 84 | 65"
"Assembled Length L (12)","12","100%","0%","L Jaw Spider Coupling Hubs (12)","163 | 153 | 133 | 115 | 108 | 89"
"Hub Width C (12)","12","100%","0%","L Jaw Spider Coupling Hubs (12)","74 | 64 | 54 | 45 | 43 | 35"
"Hub Diameter D (12)","12","100%","0%","L Jaw Spider Coupling Hubs (12)","114 | 108 | 102 | 96 | 84 | 65"
"Set Screw Position F (12)","12","100%","0%","L Jaw Spider Coupling Hubs (12)","25.5 | 22.5 | 20.5 | 12.5 | 11.5 | 8"
"Bush for F flange (12)","12","100%","0%","NPX Taper Bored (12)","2517 | 2012 | 1615 | 1210 | 1108"
"Max Bore d1/d2 (mm) (12)","12","100%","0%","NPX Taper Bored (12)","75 | 60 | 55 | 42 | 32"
"Spring Configuration (10)","10","0%","0%","ATL Torque Limiter Chain Coupling (10)","Double Spring | Single Spring"
"Max Bore TL Side (mm) (10)","10","100%","0%","ATL Torque Limiter Chain Coupling (10)","25 | 22 | 14 | 64 | 42"
"Max Bore Coupling Side (mm) (10)","10","100%","0%","ATL Torque Limiter Chain Coupling (10)","70 | 50 | 42 | 135 | 95"
"Sprocket Reference (10)","10","0%","100%","ATL Torque Limiter Chain Coupling (10)","10B-24 | 08B-22 | 08B-20 | 16B-28 | 12B-28"
"Overall Length A (mm) (10)","10","100%","0%","ATL Torque Limiter Chain Coupling (10)","103.7 | 76.7 | 73.3 | 168.1 | 121.2"
"Max Diameter B (mm) (10)","10","100%","0%","ATL Torque Limiter Chain Coupling (10)","136.5 | 101 | 93 | 247.5 | 186.8"
"Torque Adjustment (10)","10","0%","40%","ATL Torque Limiter Chain Coupling (10)","Single Adjusting Nut | 3-Bolt Adjustment"
"Torque (Nm) (10)","10","0%","50%","ATL Friction Disc Torque Limiter (10)","300-1500 | 90-550 | 20-150 | 19.6 to 74.6 | 13.73 to 53.96 | 6.87 to 27.47"
"Keyway Standard (10)","10","0%","100%","ATL Friction Disc Torque Limiter (10)","JS9 Tight Fit Anti-Roll"
"Bore (9)","9","100%","0%","GR Jaw Coupling Hubs (Standard) (9)","75 | 65 | 55 | 48 | 42 | 38"
"Pre-Bored (8)","8","0%","100%","Encoder Beam Couplings (Cap Head Screw Fixing) (8); Flexible Couplings (2)","10 x 10 | 8 x 10 | 8 x 8 | 6 x 10 | 6 x 8 | 6 x 6"
"Clamping Screw (8)","8","0%","100%","Encoder Beam Couplings (Cap Head Screw Fixing) (8); Flexible Couplings (2)","M9 | M8 | M7 | M6 | M5 | M4"
"Moment of Inertia WR2 (kgm) (8)","8","100%","0%","HRC / RFC Complete Couplings (8)","0.44653 | 0.12068 | 0.0434 | 0.0181 | 0.0078 | 0.004"
"Torsional Stiffness (Nm/degree) (8)","8","100%","0%","HRC / RFC Complete Couplings (8)","960 | 336 | 240 | 176 | 84 | 48"
"Max Misalignment Parallel (mm) (8)","8","100%","0%","HRC / RFC Complete Couplings (8)","0.5 | 0.4 | 0.3"
"Max Misalignment Axial (mm) (8)","8","100%","0%","HRC / RFC Complete Couplings (8)","1.7 | 1.32 | 1.09 | 0.92 | 0.79 | 0.61"
"Overall Assembly Diameter OA (mm) (8)","8","100%","0%","HRC / RFC Complete Couplings (8)","275 | 225 | 180 | 150 | 130 | 112"
"B Hub Bore Max (mm) (8)","8","100%","0%","AROFLEX B Type Pilot Bore Hubs (8)","115 | 100 | 80 | 70 | 60 | 55"
"B Hub Bore Min (mm) (8)","8","100%","0%","AROFLEX B Type Pilot Bore Hubs (8)","50 | 40 | 30 | 20 | 10"
"Max Load (7)","7","0%","100%","Core Mounts (7)","100kg | 400kg | 700kg | 600kg"
"Max Deflection (7)","7","0%","100%","Core Mounts (7)","11.0mm | 7.0mm | 4.5mm"
"Feature (7)","7","0%","0%","Core Mounts (7)","Ultra high deflection | Medium-duty | mobile | Heavy-duty | severe shock | Light-duty"
"Pilot Bore A (mm) (7)","7","100%","0%","SW Complete Snap Wrap Jaw Couplings (7)","19 | 15 | 12 | 9"
"Maximum Bore A (mm) (7)","7","100%","0%","SW Complete Snap Wrap Jaw Couplings (7)","60 | 55 | 48 | 42 | 35 | 28"
"Overall Diameter B (mm) (7)","7","100%","0%","SW Complete Snap Wrap Jaw Couplings (7)","127 | 115 | 96 | 84 | 65 | 54"
"Assembled Length L (mm) (7)","7","100%","0%","SW Complete Snap Wrap Jaw Couplings (7)","153 | 133 | 115 | 108 | 89 | 64"
"Hub Width C (mm) (7)","7","100%","0%","SW Complete Snap Wrap Jaw Couplings (7)","64 | 54 | 45 | 43 | 35 | 25"
"Hub Diameter D (mm) (7)","7","100%","0%","SW Complete Snap Wrap Jaw Couplings (7)","108 | 92 | 96 | 84 | 65 | 54"
"Disc Pack Material (7)","7","0%","100%","Membrane / Disc Packs (7)","AISI 304 Stainless Steel | Stainless Steel 1034 N/mm2 | AISI 301 Stainless Steel"
"Disc Pack Bolt Size (7)","7","0%","100%","Membrane / Disc Packs (7)","M16 | M12 | M10 | M8 | M6 | M5"
"Clearance R (mm) (7)","7","100%","0%","Metallic Disc Coupling Hubs (7)","170 | 120 | 110 | 95 | 85 | 75"
"Power Rating @ 100 RPM (6)","6","0%","100%","SW Snap Wrap Couplings Flanges (6)","45.0 kW | 31.9 kW | 22.4 kW | 13.4 kW | 8.2 kW | 5.6 kW"
"Power Rating @ 1500 RPM (6)","6","0%","100%","SW Snap Wrap Couplings Flanges (6)","675.0 kW | 478.5 kW | 336.0 kW | 201.0 kW | 123.0 kW | 84.0 kW"
"Maximum Angular Misalignment (6)","6","0%","100%","SW Snap Wrap Couplings Flanges (6)","1°"
"Max Axial Misalignment (6)","6","0%","100%","SW Snap Wrap Couplings Flanges (6)","± 3.0 mm"
"Compatibility Ref (4)","4","0%","100%","ATL Friction Disc Torque Limiter (4)","Morse 350M1 style units | Morse 250M1 Style Units | Morse 200M2 style units | Morse 200M1 style units"
"Max Load (kg) (3)","3","100%","0%","Cab Mounts (3)","370 | 745 | 1100"
"Diameter (mm) (3)","3","100%","0%","Cab Mounts (3)","100"
"Simplex Stock Bore D13 (2)","2","100%","0%","Pilot Bore Simplex Sprockets (2)","12"
"Duplex Stock Bore D130 (1)","1","100%","0%","Pilot Bore Duplex Sprockets (1)","20"
"Duplex Stock Bore D129 (1)","1","100%","0%","Pilot Bore Duplex Sprockets (1)","16"
"Duplex Stock Bore D128 (1)","1","100%","0%","Pilot Bore Duplex Sprockets (1)","16"
"Duplex Stock Bore D127 (1)","1","100%","0%","Pilot Bore Duplex Sprockets (1)","16"
"Duplex Stock Bore D126 (1)","1","100%","0%","Pilot Bore Duplex Sprockets (1)","16"
"Duplex Stock Bore D125 (1)","1","100%","0%","Pilot Bore Duplex Sprockets (1)","16"
"Duplex Stock Bore D124 (1)","1","100%","0%","Pilot Bore Duplex Sprockets (1)","12"
"Duplex Stock Bore D123 (1)","1","100%","0%","Pilot Bore Duplex Sprockets (1)","12"
"Duplex Stock Bore D122 (1)","1","100%","0%","Pilot Bore Duplex Sprockets (1)","12"
"Duplex Stock Bore D121 (1)","1","100%","0%","Pilot Bore Duplex Sprockets (1)","10"
"Duplex Stock Bore D120 (1)","1","100%","0%","Pilot Bore Duplex Sprockets (1)","10"
"Simplex Stock Bore D113 (1)","1","100%","0%","Pilot Bore Simplex Sprockets (1)","8"
"Simplex Stock Bore D116 (1)","1","100%","0%","Pilot Bore Simplex Sprockets (1)","10"
"Simplex Stock Bore D119 (1)","1","100%","0%","Pilot Bore Simplex Sprockets (1)","12"
"Duplex Stock Bore D119 (1)","1","100%","0%","Pilot Bore Duplex Sprockets (1)","20"
"Duplex Stock Bore D118 (1)","1","100%","0%","Pilot Bore Duplex Sprockets (1)","16"
"Duplex Stock Bore D117 (1)","1","100%","0%","Pilot Bore Duplex Sprockets (1)","16"
"Duplex Stock Bore D116 (1)","1","100%","0%","Pilot Bore Duplex Sprockets (1)","16"
"Duplex Stock Bore D115 (1)","1","100%","0%","Pilot Bore Duplex Sprockets (1)","12"
"Duplex Stock Bore D114 (1)","1","100%","0%","Pilot Bore Duplex Sprockets (1)","12"
"Duplex Stock Bore D113 (1)","1","100%","0%","Pilot Bore Duplex Sprockets (1)","12"
"Duplex Stock Bore D112 (1)","1","100%","0%","Pilot Bore Duplex Sprockets (1)","10"
"Duplex Stock Bore D111 (1)","1","100%","0%","Pilot Bore Duplex Sprockets (1)","20"
"Duplex Stock Bore D110 (1)","1","100%","0%","Pilot Bore Duplex Sprockets (1)","16"
"Duplex Stock Bore D109 (1)","1","100%","0%","Pilot Bore Duplex Sprockets (1)","16"
"Duplex Stock Bore D108 (1)","1","100%","0%","Pilot Bore Duplex Sprockets (1)","16"
"Duplex Stock Bore D107 (1)","1","100%","0%","Pilot Bore Duplex Sprockets (1)","16"
"Duplex Stock Bore D106 (1)","1","100%","0%","Pilot Bore Duplex Sprockets (1)","16"
"Duplex Stock Bore D105 (1)","1","100%","0%","Pilot Bore Duplex Sprockets (1)","16"
"Duplex Stock Bore D104 (1)","1","100%","0%","Pilot Bore Duplex Sprockets (1)","16"
"Duplex Stock Bore D103 (1)","1","100%","0%","Pilot Bore Duplex Sprockets (1)","16"
"Duplex Stock Bore D102 (1)","1","100%","0%","Pilot Bore Duplex Sprockets (1)","16"
"Duplex Stock Bore D101 (1)","1","100%","0%","Pilot Bore Duplex Sprockets (1)","16"
"Duplex Stock Bore D100 (1)","1","100%","0%","Pilot Bore Duplex Sprockets (1)","12"
"Duplex Stock Bore D99 (1)","1","100%","0%","Pilot Bore Duplex Sprockets (1)","12"
"Duplex Stock Bore D98 (1)","1","100%","0%","Pilot Bore Duplex Sprockets (1)","12"
"Duplex Stock Bore D97 (1)","1","100%","0%","Pilot Bore Duplex Sprockets (1)","10"
"Duplex Stock Bore D96 (1)","1","100%","0%","Pilot Bore Duplex Sprockets (1)","10"
"Duplex Stock Bore D95 (1)","1","100%","0%","Pilot Bore Duplex Sprockets (1)","10"
"Duplex Stock Bore D94 (1)","1","100%","0%","Pilot Bore Duplex Sprockets (1)","10"
"Duplex Stock Bore D93 (1)","1","100%","0%","Pilot Bore Duplex Sprockets (1)","8"
"Duplex Stock Bore D92 (1)","1","100%","0%","Pilot Bore Duplex Sprockets (1)","16"
"Duplex Stock Bore D91 (1)","1","100%","0%","Pilot Bore Duplex Sprockets (1)","16"
"Duplex Stock Bore D90 (1)","1","100%","0%","Pilot Bore Duplex Sprockets (1)","16"
"Duplex Stock Bore D89 (1)","1","100%","0%","Pilot Bore Duplex Sprockets (1)","16"
"Duplex Stock Bore D88 (1)","1","100%","0%","Pilot Bore Duplex Sprockets (1)","16"
"Duplex Stock Bore D87 (1)","1","100%","0%","Pilot Bore Duplex Sprockets (1)","16"
"Duplex Stock Bore D86 (1)","1","100%","0%","Pilot Bore Duplex Sprockets (1)","16"
"Duplex Stock Bore D85 (1)","1","100%","0%","Pilot Bore Duplex Sprockets (1)","16"
"Duplex Stock Bore D84 (1)","1","100%","0%","Pilot Bore Duplex Sprockets (1)","16"
"Duplex Stock Bore D83 (1)","1","100%","0%","Pilot Bore Duplex Sprockets (1)","12"
"Duplex Stock Bore D82 (1)","1","100%","0%","Pilot Bore Duplex Sprockets (1)","12"
"Duplex Stock Bore D81 (1)","1","100%","0%","Pilot Bore Duplex Sprockets (1)","12"
"Duplex Stock Bore D80 (1)","1","100%","0%","Pilot Bore Duplex Sprockets (1)","10"
"Duplex Stock Bore D79 (1)","1","100%","0%","Pilot Bore Duplex Sprockets (1)","10"
"Duplex Stock Bore D78 (1)","1","100%","0%","Pilot Bore Duplex Sprockets (1)","10"
"Duplex Stock Bore D77 (1)","1","100%","0%","Pilot Bore Duplex Sprockets (1)","10"
"Simplex Stock Bore D31 (1)","1","100%","0%","Pilot Bore Simplex Sprockets (1)","10"
"Simplex Stock Bore D30 (1)","1","100%","0%","Pilot Bore Simplex Sprockets (1)","10"
"Simplex Stock Bore D29 (1)","1","100%","0%","Pilot Bore Simplex Sprockets (1)","10"
"Simplex Stock Bore D28 (1)","1","100%","0%","Pilot Bore Simplex Sprockets (1)","10"
"Simplex Stock Bore D27 (1)","1","100%","0%","Pilot Bore Simplex Sprockets (1)","8"
"Simplex Stock Bore D26 (1)","1","100%","0%","Pilot Bore Simplex Sprockets (1)","8"
"Simplex Stock Bore D25 (1)","1","100%","0%","Pilot Bore Simplex Sprockets (1)","8"
"Simplex Stock Bore D24 (1)","1","100%","0%","Pilot Bore Simplex Sprockets (1)","8"
"Simplex Stock Bore D23 (1)","1","100%","0%","Pilot Bore Simplex Sprockets (1)","8"
"Duplex Stock Bore D76 (1)","1","100%","0%","Pilot Bore Duplex Sprockets (1)","16"
"Duplex Stock Bore D75 (1)","1","100%","0%","Pilot Bore Duplex Sprockets (1)","16"
"Duplex Stock Bore D74 (1)","1","100%","0%","Pilot Bore Duplex Sprockets (1)","16"
"Duplex Stock Bore D73 (1)","1","100%","0%","Pilot Bore Duplex Sprockets (1)","16"
"Duplex Stock Bore D72 (1)","1","100%","0%","Pilot Bore Duplex Sprockets (1)","16"
"Duplex Stock Bore D71 (1)","1","100%","0%","Pilot Bore Duplex Sprockets (1)","16"
"Duplex Stock Bore D70 (1)","1","100%","0%","Pilot Bore Duplex Sprockets (1)","16"
"Duplex Stock Bore D69 (1)","1","100%","0%","Pilot Bore Duplex Sprockets (1)","16"
"Duplex Stock Bore D68 (1)","1","100%","0%","Pilot Bore Duplex Sprockets (1)","16"
"Duplex Stock Bore D67 (1)","1","100%","0%","Pilot Bore Duplex Sprockets (1)","16"
"Duplex Stock Bore D66 (1)","1","100%","0%","Pilot Bore Duplex Sprockets (1)","16"
"Duplex Stock Bore D65 (1)","1","100%","0%","Pilot Bore Duplex Sprockets (1)","16"
"Duplex Stock Bore D64 (1)","1","100%","0%","Pilot Bore Duplex Sprockets (1)","16"
"Duplex Stock Bore D63 (1)","1","100%","0%","Pilot Bore Duplex Sprockets (1)","16"
"Duplex Stock Bore D62 (1)","1","100%","0%","Pilot Bore Duplex Sprockets (1)","16"
"Duplex Stock Bore D61 (1)","1","100%","0%","Pilot Bore Duplex Sprockets (1)","16"
"Duplex Stock Bore D60 (1)","1","100%","0%","Pilot Bore Duplex Sprockets (1)","16"
"Duplex Stock Bore D59 (1)","1","100%","0%","Pilot Bore Duplex Sprockets (1)","16"
"Duplex Stock Bore D58 (1)","1","100%","0%","Pilot Bore Duplex Sprockets (1)","16"
"Duplex Stock Bore D57 (1)","1","100%","0%","Pilot Bore Duplex Sprockets (1)","16"
"Duplex Stock Bore D56 (1)","1","100%","0%","Pilot Bore Duplex Sprockets (1)","12"
"Duplex Stock Bore D55 (1)","1","100%","0%","Pilot Bore Duplex Sprockets (1)","12"
"Duplex Stock Bore D54 (1)","1","100%","0%","Pilot Bore Duplex Sprockets (1)","12"
"Duplex Stock Bore D53 (1)","1","100%","0%","Pilot Bore Duplex Sprockets (1)","12"
"Duplex Stock Bore D52 (1)","1","100%","0%","Pilot Bore Duplex Sprockets (1)","10"
"Duplex Stock Bore D51 (1)","1","100%","0%","Pilot Bore Duplex Sprockets (1)","10"
"Duplex Stock Bore D50 (1)","1","100%","0%","Pilot Bore Duplex Sprockets (1)","10"
"Duplex Stock Bore D49 (1)","1","100%","0%","Pilot Bore Duplex Sprockets (1)","10"
"Duplex Stock Bore D48 (1)","1","100%","0%","Pilot Bore Duplex Sprockets (1)","10"
"Duplex Stock Bore D47 (1)","1","100%","0%","Pilot Bore Duplex Sprockets (1)","10"
"Duplex Stock Bore D46 (1)","1","100%","0%","Pilot Bore Duplex Sprockets (1)","8"
"Simplex Stock Bore D22 (1)","1","0%","0%","Pilot Bore Simplex Sprockets (1)",""
"Simplex Stock Bore D21 (1)","1","100%","0%","Pilot Bore Simplex Sprockets (1)","14"
"Simplex Stock Bore D20 (1)","1","100%","0%","Pilot Bore Simplex Sprockets (1)","14"
"Simplex Stock Bore D19 (1)","1","100%","0%","Pilot Bore Simplex Sprockets (1)","14"
"Simplex Stock Bore D18 (1)","1","100%","0%","Pilot Bore Simplex Sprockets (1)","14"
"Simplex Stock Bore D17 (1)","1","100%","0%","Pilot Bore Simplex Sprockets (1)","14"
"Simplex Stock Bore D16 (1)","1","100%","0%","Pilot Bore Simplex Sprockets (1)","14"
"Simplex Stock Bore D15 (1)","1","100%","0%","Pilot Bore Simplex Sprockets (1)","14"
"Simplex Stock Bore D14 (1)","1","100%","0%","Pilot Bore Simplex Sprockets (1)","14"
"Simplex Stock Bore D12 (1)","1","100%","0%","Pilot Bore Simplex Sprockets (1)","12"
"Simplex Stock Bore D11 (1)","1","100%","0%","Pilot Bore Simplex Sprockets (1)","12"
"Simplex Stock Bore D10 (1)","1","100%","0%","Pilot Bore Simplex Sprockets (1)","12"
"Simplex Stock Bore D9 (1)","1","100%","0%","Pilot Bore Simplex Sprockets (1)","10"
"Simplex Stock Bore D8 (1)","1","100%","0%","Pilot Bore Simplex Sprockets (1)","10"
"Simplex Stock Bore D7 (1)","1","100%","0%","Pilot Bore Simplex Sprockets (1)","10"
"Simplex Stock Bore D6 (1)","1","100%","0%","Pilot Bore Simplex Sprockets (1)","10"
"Simplex Stock Bore D5 (1)","1","100%","0%","Pilot Bore Simplex Sprockets (1)","8"
"Simplex Stock Bore D4 (1)","1","100%","0%","Pilot Bore Simplex Sprockets (1)","8"
"Simplex Stock Bore D3 (1)","1","100%","0%","Pilot Bore Simplex Sprockets (1)","8"
"Simplex Stock Bore D2 (1)","1","100%","0%","Pilot Bore Simplex Sprockets (1)","8"
"Simplex Stock Bore D1 (1)","1","100%","0%","Pilot Bore Simplex Sprockets (1)","8"
"Duplex Stock Bore D45 (1)","1","0%","0%","Pilot Bore Duplex Sprockets (1)",""
"Duplex Stock Bore D44 (1)","1","100%","0%","Pilot Bore Duplex Sprockets (1)","20"
"Duplex Stock Bore D43 (1)","1","100%","0%","Pilot Bore Duplex Sprockets (1)","16"
"Duplex Stock Bore D42 (1)","1","100%","0%","Pilot Bore Duplex Sprockets (1)","16"
"Duplex Stock Bore D41 (1)","1","100%","0%","Pilot Bore Duplex Sprockets (1)","16"
"Duplex Stock Bore D40 (1)","1","100%","0%","Pilot Bore Duplex Sprockets (1)","16"
"Duplex Stock Bore D39 (1)","1","100%","0%","Pilot Bore Duplex Sprockets (1)","16"
"Duplex Stock Bore D38 (1)","1","100%","0%","Pilot Bore Duplex Sprockets (1)","16"
"Duplex Stock Bore D37 (1)","1","100%","0%","Pilot Bore Duplex Sprockets (1)","16"
"Duplex Stock Bore D36 (1)","1","100%","0%","Pilot Bore Duplex Sprockets (1)","16"
"Duplex Stock Bore D35 (1)","1","100%","0%","Pilot Bore Duplex Sprockets (1)","16"
"Duplex Stock Bore D34 (1)","1","100%","0%","Pilot Bore Duplex Sprockets (1)","16"
"Duplex Stock Bore D33 (1)","1","100%","0%","Pilot Bore Duplex Sprockets (1)","16"
"Duplex Stock Bore D32 (1)","1","100%","0%","Pilot Bore Duplex Sprockets (1)","16"
"Duplex Stock Bore D31 (1)","1","100%","0%","Pilot Bore Duplex Sprockets (1)","16"
"Duplex Stock Bore D30 (1)","1","100%","0%","Pilot Bore Duplex Sprockets (1)","16"
"Duplex Stock Bore D29 (1)","1","100%","0%","Pilot Bore Duplex Sprockets (1)","16"
"Duplex Stock Bore D28 (1)","1","100%","0%","Pilot Bore Duplex Sprockets (1)","16"
"Duplex Stock Bore D27 (1)","1","100%","0%","Pilot Bore Duplex Sprockets (1)","16"
"Duplex Stock Bore D26 (1)","1","100%","0%","Pilot Bore Duplex Sprockets (1)","16"
"Duplex Stock Bore D25 (1)","1","100%","0%","Pilot Bore Duplex Sprockets (1)","16"
"Duplex Stock Bore D24 (1)","1","100%","0%","Pilot Bore Duplex Sprockets (1)","16"
"Duplex Stock Bore D23 (1)","1","100%","0%","Pilot Bore Duplex Sprockets (1)","12"
"Duplex Stock Bore D22 (1)","1","100%","0%","Pilot Bore Duplex Sprockets (1)","12"
"Duplex Stock Bore D21 (1)","1","100%","0%","Pilot Bore Duplex Sprockets (1)","12"
"Duplex Stock Bore D20 (1)","1","100%","0%","Pilot Bore Duplex Sprockets (1)","12"
"Duplex Stock Bore D19 (1)","1","100%","0%","Pilot Bore Duplex Sprockets (1)","10"
"Duplex Stock Bore D18 (1)","1","100%","0%","Pilot Bore Duplex Sprockets (1)","10"
"Duplex Stock Bore D17 (1)","1","100%","0%","Pilot Bore Duplex Sprockets (1)","10"
"Duplex Stock Bore D16 (1)","1","100%","0%","Pilot Bore Duplex Sprockets (1)","10"
"Duplex Stock Bore D15 (1)","1","100%","0%","Pilot Bore Duplex Sprockets (1)","10"
"Duplex Stock Bore D14 (1)","1","100%","0%","Pilot Bore Duplex Sprockets (1)","10"
"Duplex Stock Bore D13 (1)","1","100%","0%","Pilot Bore Duplex Sprockets (1)","8"
"Duplex Stock Bore D12 (1)","1","100%","0%","Pilot Bore Duplex Sprockets (1)","20"
"Duplex Stock Bore D11 (1)","1","100%","0%","Pilot Bore Duplex Sprockets (1)","20"
"Duplex Stock Bore D10 (1)","1","100%","0%","Pilot Bore Duplex Sprockets (1)","20"
"Duplex Stock Bore D9 (1)","1","100%","0%","Pilot Bore Duplex Sprockets (1)","16"
"Duplex Stock Bore D8 (1)","1","100%","0%","Pilot Bore Duplex Sprockets (1)","16"
"Duplex Stock Bore D7 (1)","1","100%","0%","Pilot Bore Duplex Sprockets (1)","16"
"Duplex Stock Bore D6 (1)","1","100%","0%","Pilot Bore Duplex Sprockets (1)","16"
"Duplex Stock Bore D5 (1)","1","100%","0%","Pilot Bore Duplex Sprockets (1)","16"
"Duplex Stock Bore D4 (1)","1","100%","0%","Pilot Bore Duplex Sprockets (1)","16"
"Duplex Stock Bore D3 (1)","1","100%","0%","Pilot Bore Duplex Sprockets (1)","16"
"Duplex Stock Bore D207 (1)","1","100%","0%","Pilot Bore Duplex Sprockets (1)","16"
"Duplex Stock Bore D206 (1)","1","100%","0%","Pilot Bore Duplex Sprockets (1)","16"
"Duplex Stock Bore D205 (1)","1","100%","0%","Pilot Bore Duplex Sprockets (1)","16"
"Duplex Stock Bore D204 (1)","1","100%","0%","Pilot Bore Duplex Sprockets (1)","16"
"Duplex Stock Bore D203 (1)","1","100%","0%","Pilot Bore Duplex Sprockets (1)","16"
"Duplex Stock Bore D202 (1)","1","100%","0%","Pilot Bore Duplex Sprockets (1)","16"
"Duplex Stock Bore D2 (1)","1","100%","0%","Pilot Bore Duplex Sprockets (1)","16"
"Duplex Stock Bore D1 (1)","1","100%","0%","Pilot Bore Duplex Sprockets (1)","16"
"Duplex Stock Bore D201 (1)","1","100%","0%","Pilot Bore Duplex Sprockets (1)","16"
"Duplex Stock Bore D200 (1)","1","100%","0%","Pilot Bore Duplex Sprockets (1)","16"
"Duplex Stock Bore D199 (1)","1","100%","0%","Pilot Bore Duplex Sprockets (1)","16"
"Duplex Stock Bore D198 (1)","1","100%","0%","Pilot Bore Duplex Sprockets (1)","16"
"Duplex Stock Bore D197 (1)","1","100%","0%","Pilot Bore Duplex Sprockets (1)","16"
"Duplex Stock Bore D196 (1)","1","100%","0%","Pilot Bore Duplex Sprockets (1)","12"
"Duplex Stock Bore D195 (1)","1","100%","0%","Pilot Bore Duplex Sprockets (1)","12"
"Duplex Stock Bore D194 (1)","1","100%","0%","Pilot Bore Duplex Sprockets (1)","12"
"Duplex Stock Bore D193 (1)","1","100%","0%","Pilot Bore Duplex Sprockets (1)","12"
"Duplex Stock Bore D192 (1)","1","100%","0%","Pilot Bore Duplex Sprockets (1)","10"
"Duplex Stock Bore D191 (1)","1","100%","0%","Pilot Bore Duplex Sprockets (1)","10"
"Duplex Stock Bore D190 (1)","1","100%","0%","Pilot Bore Duplex Sprockets (1)","10"
"Duplex Stock Bore D189 (1)","1","100%","0%","Pilot Bore Duplex Sprockets (1)","10"
"Duplex Stock Bore D188 (1)","1","100%","0%","Pilot Bore Duplex Sprockets (1)","10"
"Duplex Stock Bore D187 (1)","1","100%","0%","Pilot Bore Duplex Sprockets (1)","10"
"Duplex Stock Bore D186 (1)","1","0%","0%","Pilot Bore Duplex Sprockets (1)",""
"Duplex Stock Bore D185 (1)","1","0%","0%","Pilot Bore Duplex Sprockets (1)",""
"Duplex Stock Bore D184 (1)","1","0%","0%","Pilot Bore Duplex Sprockets (1)",""
"Duplex Stock Bore D183 (1)","1","100%","0%","Pilot Bore Duplex Sprockets (1)","20"
"Duplex Stock Bore D182 (1)","1","0%","0%","Pilot Bore Duplex Sprockets (1)",""
"Duplex Stock Bore D181 (1)","1","100%","0%","Pilot Bore Duplex Sprockets (1)","16"
"Duplex Stock Bore D180 (1)","1","100%","0%","Pilot Bore Duplex Sprockets (1)","16"
"Duplex Stock Bore D179 (1)","1","100%","0%","Pilot Bore Duplex Sprockets (1)","16"
"Duplex Stock Bore D178 (1)","1","100%","0%","Pilot Bore Duplex Sprockets (1)","16"
"Duplex Stock Bore D177 (1)","1","100%","0%","Pilot Bore Duplex Sprockets (1)","16"
"Duplex Stock Bore D176 (1)","1","100%","0%","Pilot Bore Duplex Sprockets (1)","16"
"Duplex Stock Bore D175 (1)","1","100%","0%","Pilot Bore Duplex Sprockets (1)","16"
"Duplex Stock Bore D174 (1)","1","100%","0%","Pilot Bore Duplex Sprockets (1)","16"
"Duplex Stock Bore D173 (1)","1","100%","0%","Pilot Bore Duplex Sprockets (1)","16"
"Duplex Stock Bore D172 (1)","1","100%","0%","Pilot Bore Duplex Sprockets (1)","16"
"Duplex Stock Bore D171 (1)","1","100%","0%","Pilot Bore Duplex Sprockets (1)","16"
"Duplex Stock Bore D170 (1)","1","100%","0%","Pilot Bore Duplex Sprockets (1)","16"
"Duplex Stock Bore D169 (1)","1","100%","0%","Pilot Bore Duplex Sprockets (1)","16"
"Duplex Stock Bore D168 (1)","1","100%","0%","Pilot Bore Duplex Sprockets (1)","16"
"Duplex Stock Bore D167 (1)","1","100%","0%","Pilot Bore Duplex Sprockets (1)","16"
"Duplex Stock Bore D166 (1)","1","100%","0%","Pilot Bore Duplex Sprockets (1)","16"
"Duplex Stock Bore D165 (1)","1","100%","0%","Pilot Bore Duplex Sprockets (1)","16"
"Duplex Stock Bore D164 (1)","1","100%","0%","Pilot Bore Duplex Sprockets (1)","16"
"Duplex Stock Bore D163 (1)","1","100%","0%","Pilot Bore Duplex Sprockets (1)","16"
"Duplex Stock Bore D162 (1)","1","100%","0%","Pilot Bore Duplex Sprockets (1)","16"
"Duplex Stock Bore D161 (1)","1","100%","0%","Pilot Bore Duplex Sprockets (1)","12"
"Duplex Stock Bore D160 (1)","1","100%","0%","Pilot Bore Duplex Sprockets (1)","12"
"Duplex Stock Bore D159 (1)","1","100%","0%","Pilot Bore Duplex Sprockets (1)","12"
"Duplex Stock Bore D158 (1)","1","100%","0%","Pilot Bore Duplex Sprockets (1)","12"
"Duplex Stock Bore D157 (1)","1","100%","0%","Pilot Bore Duplex Sprockets (1)","10"
"Duplex Stock Bore D156 (1)","1","100%","0%","Pilot Bore Duplex Sprockets (1)","10"
"Duplex Stock Bore D155 (1)","1","100%","0%","Pilot Bore Duplex Sprockets (1)","10"
"Duplex Stock Bore D154 (1)","1","100%","0%","Pilot Bore Duplex Sprockets (1)","10"
"Duplex Stock Bore D153 (1)","1","100%","0%","Pilot Bore Duplex Sprockets (1)","10"
"Duplex Stock Bore D152 (1)","1","100%","0%","Pilot Bore Duplex Sprockets (1)","10"
"Duplex Stock Bore D151 (1)","1","100%","0%","Pilot Bore Duplex Sprockets (1)","8"
"Duplex Stock Bore D150 (1)","1","0%","0%","Pilot Bore Duplex Sprockets (1)",""
"Duplex Stock Bore D149 (1)","1","100%","0%","Pilot Bore Duplex Sprockets (1)","16"
"Duplex Stock Bore D148 (1)","1","100%","0%","Pilot Bore Duplex Sprockets (1)","16"
"Duplex Stock Bore D147 (1)","1","100%","0%","Pilot Bore Duplex Sprockets (1)","16"
"Duplex Stock Bore D146 (1)","1","100%","0%","Pilot Bore Duplex Sprockets (1)","16"
"Duplex Stock Bore D145 (1)","1","100%","0%","Pilot Bore Duplex Sprockets (1)","16"
"Duplex Stock Bore D144 (1)","1","100%","0%","Pilot Bore Duplex Sprockets (1)","16"
"Duplex Stock Bore D143 (1)","1","100%","0%","Pilot Bore Duplex Sprockets (1)","16"
"Duplex Stock Bore D142 (1)","1","100%","0%","Pilot Bore Duplex Sprockets (1)","16"
"Duplex Stock Bore D141 (1)","1","100%","0%","Pilot Bore Duplex Sprockets (1)","16"
"Duplex Stock Bore D140 (1)","1","100%","0%","Pilot Bore Duplex Sprockets (1)","16"
"Duplex Stock Bore D139 (1)","1","100%","0%","Pilot Bore Duplex Sprockets (1)","16"
"Duplex Stock Bore D138 (1)","1","100%","0%","Pilot Bore Duplex Sprockets (1)","16"
"Duplex Stock Bore D137 (1)","1","100%","0%","Pilot Bore Duplex Sprockets (1)","16"
"Duplex Stock Bore D136 (1)","1","100%","0%","Pilot Bore Duplex Sprockets (1)","12"
"Duplex Stock Bore D135 (1)","1","100%","0%","Pilot Bore Duplex Sprockets (1)","12"
"Duplex Stock Bore D134 (1)","1","100%","0%","Pilot Bore Duplex Sprockets (1)","10"
"Duplex Stock Bore D133 (1)","1","100%","0%","Pilot Bore Duplex Sprockets (1)","10"
"Duplex Stock Bore D132 (1)","1","100%","0%","Pilot Bore Duplex Sprockets (1)","10"
"Duplex Stock Bore D131 (1)","1","100%","0%","Pilot Bore Duplex Sprockets (1)","10"
"Max Load (kg) Axial/Radial (1)","1","0%","0%","Cab Mounts (1)","122/256"
"Static Deflection (mm) Axial/Radial (1)","1","0%","0%","Cab Mounts (1)","2.0/4.0"
"Diameter (mm) Axial/Radial (1)","1","100%","0%","Cab Mounts (1)","100"