category,products,products with attributes,% with attributes
"Single Row Deep Groove Ball Bearing (Metric)","7625","7625","100%"
"Oil Seals Nitrile (Metric)","5372","5372","100%"
"O-Rings Nitrile (Metric)","3190","3190","100%"
"Oil Seals Nitrile (Imperial)","1895","1895","100%"
"Single Row Cylindrical Roller Bearings","1728","0","0%"
"Fluorosilicone O-Rings (Metric)","1603","1603","100%"
"White Silicone O-Rings (Metric)","1602","1602","100%"
"Oil Seals FKM (Metric)","1516","1516","100%"
"Red Silicone O-Rings (Metric)","1415","1415","100%"
"O-Rings Viton (Metric)","1230","1230","100%"
"Single Row Deep Groove Ball Bearings","1052","0","0%"
"O-Rings Nitrile (Imperial)","966","966","100%"
"PTFE O-Rings","941","941","100%"
"Spherical Roller Bearings","900","0","0%"
"Single Row Deep Groove Ball Bearing (Imperial)","848","848","100%"
"Clear Silicone O-Rings (Metric)","815","815","100%"
"NITRILE X-Rings","754","754","100%"
"Grooved V-Belt Pulleys","676","676","100%"
"O-Rings EPDM (Metric)","538","538","100%"
"O-Rings Viton (Imperial)","488","488","100%"
"Fluorosilicone O-Rings (Imperial)","483","483","100%"
"Clear Silicone O-Rings (Imperial)","483","483","100%"
"V Belts","474","0","0%"
"V-Belt Pulleys","449","449","100%"
"Red Silicone O-Rings (Imperial)","424","424","100%"
"HTD Timing Belt Pulleys","423","423","100%"
"FKM X-Rings","376","376","100%"
"Self-Aligning Ball Bearings","374","0","0%"
"INA Needle Bearing","326","0","0%"
"Snap Ring Sealed Bearings","301","301","100%"
"Taper Bush Metric","300","0","0%"
"O-Rings EPDM (Imperial)","297","297","100%"
"Wedge Belts","293","0","0%"
"Taper Bush Imperial","287","0","0%"
"White Silicone O-Rings (Imperial)","286","286","100%"
"Metric Cylindrical Roller Bearings","265","2","1%"
"Oil Seals FKM (Imperial)","258","258","100%"
"Single Row Angular Contact Bearings","228","0","0%"
"Taper Roller Bearings Metric","226","0","0%"
"O Mounts","223","0","0%"
"Timing Belt Pulley Taper Bore","217","217","100%"
"Pilot Bore Simplex Sprockets","213","212","100%"
"Stainless Steel Miniature Ball Bearings","212","0","0%"
"Pilot Bore Duplex Sprockets","207","207","100%"
"Classical Timing Belts","203","0","0%"
"Withdrawal Sleeves","195","0","0%"
"Pilot Bore Triplex Sprockets","188","188","100%"
"Double Row Cylindrical Roller Bearings","186","0","0%"
"Timing Belt Pulley Pilot Bore","185","185","100%"
"INA Track Roller Bearings","180","0","0%"
"Double Row Angular Contact Bearings","173","0","0%"
"Thrust Ball Bearings","172","0","0%"
"Stainless Steel Thin Section Ball Bearings","164","0","0%"
"Metric Single Row Deep Groove Ball Bearings","154","154","100%"
"Adapter Sleeves","138","0","0%"
"Cogged Wedge Belts","133","0","0%"
"Female Steel - GR-Nylon Liner","132","0","0%"
"Metric Single Row Stainless Steel Ball Bearings","131","0","0%"
"Male Steel - GR-Nylon Liner","131","0","0%"
"Female Steel - Bronze Liner","128","0","0%"
"Male Steel - Bronze Liner","128","0","0%"
"Four Point Ball Bearings","125","0","0%"
"Female Stainless Steel - Bronze Liner","124","0","0%"
"Female Stainless Steel - GR-Nylon Liner","124","0","0%"
"Male Stainless Steel - Bronze Liner","124","0","0%"
"Male Stainless Steel - GR-Nylon Liner","124","0","0%"
"ATL PW Friction Disc Torque Limiter C/W Platewheel","122","122","100%"
"Metric Timing Belts","116","0","0%"
"Needle Roller &amp; Cage Assemblies/Inner Cages","116","0","0%"
"Inner Races","105","0","0%"
"Taper Bore Duplex Sprockets","100","100","100%"
"Cylindrical Roller Thrust Bearings","97","0","0%"
"NA Needle Roller Bearings","85","0","0%"
"Drawn Cup Needle Roller Bearing","78","0","0%"
"Cam Roller Bearings","78","0","0%"
"Imperial Deep Groove Ball Bearings","75","0","0%"
"Heavy Duty Drawn Cup Needle Bearings","72","0","0%"
"HK Series Metric Drawn Cup Needle Roller Bearings","69","0","0%"
"Metric Plain Oilite Bearings","69","0","0%"
"Closed End Drawn Cup Needle Roller","65","0","0%"
"Taper Bore Simplex Sprockets","65","65","100%"
"Complete Standard Metallic Disc Spacer Couplings","60","60","100%"
"Complete Non-Sparking Metallic Disk Spacer Coupling","60","60","100%"
"Taper Bore Triplex Sprockets","55","55","100%"
"Lock Nuts","55","0","0%"
"Female Steel - Bronze Liner And Stud","52","0","0%"
"Female Steel - GR-Nylon Liner And Stud","52","0","0%"
"Male Steel - Bronze Liner And Stud","52","0","0%"
"Male Steel - GR-Nylon Liner And Stud","52","0","0%"
"Locking Washers","52","0","0%"
"Spacer &amp; Snap Wrap Kits","52","52","100%"
"Clear Silicone O-Ring Cords","51","51","100%"
"Fluorosilicone O-Ring Cords","51","51","100%"
"White Silicone O-Ring Cords","51","51","100%"
"Metric Dry Star Bush","51","0","0%"
"KR Track Roller Bearings","51","0","0%"
"American Standard Chain","50","0","0%"
"British Standard Connecting Link","50","0","0%"
"Imperial Stainless Steel Ball Bearings","49","0","0%"
"Red Silicone O-Ring Cords","47","47","100%"
"British Standard Chain","46","0","0%"
"Imperial Cylindrical Roller Bearings","43","0","0%"
"Glacier Bush","41","0","0%"
"British Standard Single Crank Link","38","0","0%"
"Aluminium - GR-Nylon Liner","38","0","0%"
"Tyre Couplings Hubs / Flanges","37","37","100%"
"One-way Clutch Bearings","36","0","0%"
"American Standard Connecting Link","36","0","0%"
"Double Row Deep Groove Ball Bearings","36","0","0%"
"RB Hubs / Flanges","36","36","100%"
"Metallic Disc Spacer Kits","36","36","100%"
"Needle Clutch Bearings","35","0","0%"
"Imperial Angular Contact Ball Bearings","35","0","0%"
"HJ Heavy Series Imperial Needle Roller Bearing","33","0","0%"
"SA Series Inserts (Eccentric Collar)","33","33","100%"
"American Standard Single Crank Link","33","0","0%"
"Heavy Series Chain","33","0","0%"
"Nitrile Rubber O-Ring Cord","32","32","100%"
"1/2"" B.S. Pitch Simplex Pre-Bored + Keyed Sprockets","32","32","100%"
"Bonded Bushes","32","0","0%"
"RC Bush Hubs / Flanges","32","26","81%"
"Stainless Steel Angular Contact Bearings","30","0","0%"
"Stainless Steel Thrust Ball Bearings","30","0","0%"
"LR Series Track Ball Bearings Single and Double Row","29","0","0%"
"Internal Metric Circlip","29","0","0%"
"Cogged V Belts","29","0","0%"
"UC Series Inserts","28","28","100%"
"NATR Track Roller Bearings","28","0","0%"
"Shaft Collars","28","0","0%"
"Imperial Single Row Stainless Steel Ball Bearings","27","0","0%"
"KRV Track Roller Bearings","27","0","0%"
"FKM Rubber O-Ring Cord","26","26","100%"
"PC Combi Mounts","26","26","100%"
"External Metric Circlip","25","0","0%"
"RC Flexi-Cone Pin &amp; Buffer Complete Couplings","25","0","0%"
"Tyres","24","24","100%"
"British Standard Double Crank Link","23","0","0%"
"Weld-On-Hubs","23","0","0%"
"SWQ Complete Spacer Couplings","23","23","100%"
"Heavy Series Connecting Link","22","0","0%"
"Complete Tyre Couplings","22","22","100%"
"Complete Non-Spark Non Spacer Metallic Couplings","21","21","100%"
"Complete Non Spacer Metallic Couplings","21","21","100%"
"Nylon Insert Locking Nuts","21","0","0%"
"Stainless Steel Connecting Link","21","0","0%"
"Stainless Steel Chain","21","0","0%"
"Fan / Industrial Mounts","21","0","0%"
"RRS Complete Spacer Couplings","21","21","100%"
"Spacer Couplings","20","20","100%"
"NATV Track Roller Bearings","19","0","0%"
"UCP/NP Pillow Block","19","0","0%"
"UCFL/SFT 2 Bolt Flange Unit","19","0","0%"
"Internal Imperial Circlip","18","0","0%"
"NUTR Track Roller Bearings","18","0","0%"
"UCFX/MSF Heavy Duty Square Flange Unit","18","0","0%"
"UCPX/MP Heavy Duty Pillow Block","18","0","0%"
"UCF/SF Square 4 Bolt Flange Unit","18","0","0%"
"AROFLEX Jaw Inserts","18","18","100%"
"RB Pin &amp; Bush Sets","18","0","0%"
"Complete Pin &amp; Bush (RB) Couplings","18","10","56%"
"RCT Bush Hubs / Flanges","18","18","100%"
"AROFLEX Taper Bored Hubs","18","18","100%"
"L Jaw Spider Coupling inserts","17","0","0%"
"L Jaw Complete Spider Couplings","17","17","100%"
"Fluid Seals","17","0","0%"
"Taper Bush Adaptors","16","0","0%"
"Machinery Isolators","16","0","0%"
"Chain Couplings","16","16","100%"
"RC/RCT Pin &amp; Bush Sets","16","16","100%"
"Arrow Max Inserts (SB Series)","15","15","100%"
"External Imperial Circlip","15","0","0%"
"3/4"" B.S. Pitch Simplex Pre-Bored + Keyed Sprockets","15","15","100%"
"Heavy Series Roller Link","14","0","0%"
"American Standard Roller Link","14","0","0%"
"Membrane / Disc Packs","14","14","100%"
"Metallic Disc Coupling Hubs","14","14","100%"
"Polyuthrane O-Rings","12","12","100%"
"Studded Ball Joint Cover","12","0","0%"
"Stainless Key Steel","12","0","0%"
"Stainless Steel Single Crank Link","12","0","0%"
"Bolt-On-Hubs","12","0","0%"
"UCFA Adjustable Flange Bracket Unit","12","0","0%"
"UCFB Flange Bracket Unit","12","0","0%"
"SBPF/SLFE Pressed Steel Flange Unit","12","0","0%"
"UCPA/SNP Tapped-base Pillow Block","12","0","0%"
"UCT/ST Take-up Unit","12","0","0%"
"Complete NUPEX NPX Type B Pilot Bore Couplings","12","12","100%"
"L Jaw Spider Coupling Hubs","12","12","100%"
"NPX Taper Bored","12","12","100%"
"NPX Pilot Bored Hubs Part 4 (Type B)","12","12","100%"
"NPX Pilot Bored Hubs Part 1 (Type B)","12","12","100%"
"NPX Inserts","12","0","0%"
"KRE Track Roller Bearings","11","0","0%"
"Heavy Series Single Crank Link","11","0","0%"
"Bumpers &amp; Buffers","11","0","0%"
"Taper Roller Bearings Imperial","11","0","0%"
"SBPP/LBP Pressed Steel Pillow Block","11","0","0%"
"Boring and Keying","10","0","0%"
"KRVE Track Roller Bearings","10","0","0%"
"ATL Torque Limiter Chain Coupling","10","10","100%"
"ATL Friction Disc Torque Limiter","10","10","100%"
"GR Jaw Coupling Hubs (Standard)","9","9","100%"
"Green Thermoplastic Housed Flange Bracket complete with Stainless Steel Bearing Insert (SUCFBL)","9","0","0%"
"Green Thermoplastic Housed Take Up Unit complete with Stainless Steel Bearing Insert (SUCTPL)","9","0","0%"
"Black Thermoplastic Housed Take Up Unit complete with Stainless Steel Bearing Insert (SUCTPL)","9","0","0%"
"Black Plumber Block Housed Bearing Complete with Stainless Steel Insert (SUCPPLSS)","9","0","0%"
"Black Thermoplastic Housed 2 Bolt Flange Bearing Complete with Stainless Steel Insert (SUCFLPLSS)","9","0","0%"
"Black 4 Bolt Flange Housed Bearing Complete with Stainless Steel Insert (SUCFPLSS)","9","0","0%"
"Black Closed End caps","9","0","0%"
"Sandwich Mounts","9","0","0%"
"Encoder Beam Couplings (Cap Head Screw Fixing)","8","8","100%"
"EPDM Rubber O-Ring Cord","8","8","100%"
"Lazy Susan Bearings","8","0","0%"
"UCX Series Inserts (Medium Duty)","8","8","100%"
"NSE Rosta Chain Tensioners Complete","8","0","0%"
"Rosta N Tensioner Sprocket Set","8","0","0%"
"5/8"" Pitch B.S. Simplex Pre-Bored &amp; Keyed Sprockets","8","8","100%"
"Double Pitch Conveyor Chain","8","0","0%"
"HRC / RFC Complete Couplings","8","8","100%"
"Jaw HRC / RFC Couplings","8","0","0%"
"RFC Inserts","8","0","0%"
"AROFLEX B Type Pilot Bore Hubs","8","8","100%"
"AROFLEX H Type Taper Bore Hubs","8","8","100%"
"AROFLEX F Type Taper Bore Hubs","8","8","100%"
"GS Jaw Coupling Hubs (Clamping)","7","7","100%"
"White Thermoplastic Housed 2 Bolt Flange Bearing Complete with Stainless Steel Insert (SUCFLPLSS)","7","0","0%"
"White 4 Bolt Flange Housed Bearings Complete with Stainless Steel Insert (SUCFPL)","7","0","0%"
"White Plumber Block Housed Bearing Complete with Stainless Steel Insert (SUCPPL)","7","0","0%"
"White Thermoplastic Housed 2 Bolt Flange Bearing Complete with Stainless Steel Insert (SUCFLPL)","7","0","0%"
"Green Thermoplastic Housed Tapped Based Pillow Block complete with Stainless Steel Bearing Insert (SUCTBL)","7","0","0%"
"Green Thermoplastic Housed Tapped Based Pillow Block complete with Stainless Steel Bearing Insert (SUCTPA)","7","0","0%"
"Green Closed End caps","7","0","0%"
"Black Thermoplastic Housed Flange Bracket complete with Stainless Steel Bearing Insert (SUCFBL)","7","0","0%"
"Double Row Stainless Steel Ball Bearings","7","0","0%"
"NUKR Track Roller Bearings","7","0","0%"
"Rosta SE Tensioner Arm","7","0","0%"
"Double Pitch Conveyor Connecting Link","7","0","0%"
"PS Combi Mounts","7","0","0%"
"Core Mounts","7","7","100%"
"Shear Mounts","7","0","0%"
"SW Complete Snap Wrap Jaw Couplings","7","7","100%"
"Complete AROFLEX GR Couplings","7","7","100%"
"White Thermoplastic Flange Bracket Housing complete with Stainless Steel Bearing Insert (SUCFBL)","6","0","0%"
"White Closed End caps","6","0","0%"
"RB Series Inserts","6","6","100%"
"NUKRE Track Roller Bearings","6","0","0%"
"RSE Rosta Arm &amp; Belt Tensioner Roller Complete","6","0","0%"
"Double Pitch Conveyor Single Crank Link","6","0","0%"
"Machine Mounts","6","0","0%"
"SW Snap Wrap Couplings Flanges","6","6","100%"
"ATL RN Jaw Coupling Torque Limiter","6","0","0%"
"Complete AROFLEX GS Zero Backlash Couplings","6","6","100%"
"Blue Plumber Block Housed Bearing Complete with Stainless Steel Insert (SUCPPL)","5","0","0%"
"Blue 4 Bolt Flange Housed Bearings Complete with Stainless Steel Insert (SUCFPL)","5","0","0%"
"Blue Thermoplastic Housed 2 Bolt Flange Bearing Complete with Stainless Steel Insert (SUCFLPLSS)","5","0","0%"
"Blue Closed End caps","5","0","0%"
"White 4 bolt Thermoplastic circular Housed Bearing complete with Stainless Steel Bearing Insert (SUCFCPL)","5","0","0%"
"White Thermoplastic Housed Hanger Bearing complete with Stainless Steel Bearing Insert (SUCHPL)","5","0","0%"
"White Housed Take Up Unit complete with Stainless Steel Bearing Insert (SUCTPL)","5","0","0%"
"White Open End caps","5","0","0%"
"Green Plumber Block Housed Bearing Complete with Stainless Steel Bearing Insert (SUCPPL)","5","0","0%"
"Green 4 Bolt Flange Housed Bearing Complete with Stainless Steel Bearing Insert (SUCFPL)","5","0","0%"
"Green Thermoplastic Housed 2 Bolt Flange Bearing Complete with Stainless Steel Bearing Insert (SUCFLPL)","5","0","0%"
"Green Thermoplastic Housed Hanger Unit complete with Stainless Seal bearing Insert (SUCHPL)","5","0","0%"
"Green Open End caps","5","0","0%"
"Rosta R Belt Tensioning Roller Set","5","0","0%"
"Agricultural Connecting Link","5","0","0%"
"Agricultural Chain","5","0","0%"
"2 Bolt Flanged Bearing (Eccentric Locking Collar)","5","0","0%"
"Black Thermoplastic Housed Hanger Unit complete with Stainless Steel Insert (SUCHPL)","4","0","0%"
"Agricultural Single Crank Link","4","0","0%"
"Mega Mounts","4","0","0%"
"Cab Mounts","4","4","100%"
"Plate Mounts","4","0","0%"
"CSB Series Inserts (Flat Back)","3","3","100%"
"Flexible Couplings","2","2","100%"
"Machinery Pads","2","0","0%"
"RRS &amp; SWQ Jaw Spacer Couplings","2","2","100%"
"Tyre Couplings","2","0","0%"
"Hydrogenated O-Rings","1","0","0%"
"Black Open End caps","1","0","0%"
"AB / ABI Rosta Oscillating Mountings","1","0","0%"
"Shell Type Needle Roller Bearings","1","0","0%"
"PCS Type Mounts","1","0","0%"
"Pin &amp; Bush (RC / RCT)","1","0","0%"